TEAM_ID,SEASON_ID,W_PCT,OFF_RATING,DEF_RATING,NET_RATING,AST_TO,AST_RATIO,OREB_PCT,DREB_PCT,TM_TOV_PCT,TS_PCT,PACE
1610612737,1996-97,1.2047730246949377,0.11868962003664037,-1.2498003448012422,1.302477644923203,-1.281763717971961,-1.1722250250535629,1.1576577717826853,-1.1911921305440225,1.0563207584652625,0.08295130412241207,-1.5765491694524154
1610612738,1996-97,-2.083550958089132,-0.6440433548782938,0.9575006281886997,-1.5148777391036627,-0.9531423765692758,-0.6875415037820592,0.9916690112846491,-1.6589018553351647,0.9857762295045547,-0.8062302328981307,0.5821721760441042
1610612766,1996-97,1.0469334735213023,0.70708362925673,0.2817962487019826,0.44045099757169914,0.6430184245294791,1.8166566894540357,0.5600982339897556,-1.541974424137379,0.6330535847010157,0.8912981559592691,-1.1835780507333886
1610612741,1996-97,2.2438834032547033,1.4262318627479562,-1.1597064275363453,2.4798798949642813,1.8166660723962111,1.9782178632112026,2.485567855766971,-1.1911921305440225,-0.42511434970960127,0.2850380170816263,-0.8010861618468708
1610612739,1996-97,0.08016622258278579,-0.6876280963020049,-1.1371829482201228,0.39840091721308923,-0.4836833174225836,0.44338671251811235,0.7592847465873988,-0.7624582161521422,1.197409816386678,-0.36163946438785927,-2.6847277242400724
1610612742,1996-97,-1.3601196818766368,-1.384983959081374,0.03403797622352093,-1.367702457848528,-1.3287096238866303,-0.7683220906606442,1.0912622675834707,-1.9707083385292594,1.6912215191116307,-1.250821001408402,-1.0237697957876513
1610612743,1996-97,-1.6034556566026579,-0.6004586134545857,0.8674067109238061,-1.3887274980278328,-0.7184128469959302,0.36260612563952743,0.8256802507866132,-1.34709537214107,1.550132461190215,-0.40205680697970214,-0.23258794343334474
1610612765,1996-97,1.0469334735213023,0.5763294049855996,-0.731760320528093,1.239402524385288,-0.24895378784923697,-0.6875415037820592,0.09532970459525486,-0.9963130785477132,-0.49565887867030906,0.5679594152245263,-2.2184019966934936
1610612744,1996-97,-0.8800243803901626,-0.12102645779376939,1.0025475868211482,-1.0523268551589533,-1.1878719061426224,-0.12207739563197345,1.5892285490775768,-2.048659959327783,2.0439441639151696,0.12336864671425492,-0.25616621055648725
1610612745,1996-97,1.2836928002817547,0.358405697867047,-0.6867133618956446,0.9871020422336284,-0.34284559967857564,1.412753755061117,0.62649373818897,-0.3337243017602662,1.7617660480723385,0.8104634707755833,-0.47884984449726764
1610612754,1996-97,-0.15659310417766742,-0.360742535624176,-0.6641898825794188,0.27225067613725945,-1.0939800943132838,-0.12207739563197345,1.290448780181114,-1.269143751342546,1.7617660480723385,-0.11913540883680218,-1.078785752408317
1610612746,1996-97,-0.3999290789036884,-0.5132891306071635,0.07908493485596937,-0.5897759712142442,-1.281763717971961,-1.0914444381749795,1.3236465322807212,-1.814805096932212,1.197409816386678,-0.6445608625307592,-0.499808304162282
1610612747,1996-97,1.2047730246949377,0.11868962003664037,-0.7993307584767642,0.8819768413371035,-0.15506197601989832,0.039483778125193505,1.4564375406791499,-1.6589018553351647,0.4214199978188923,-0.19997009402048788,-0.510287533994791
1610612748,1996-97,1.6059485505945938,-0.1428188285056234,-1.497558617279704,1.2604275645645928,-1.0000882824839452,-0.0412968087533914,0.8256802507866132,-0.8793856473499276,1.6912215191116307,0.24462067448978347,-1.3145684236397308
1610612749,1996-97,-0.6432650536297094,-0.25178068206489973,0.1917023314370889,-0.4215756497798045,-1.3756555298012998,-0.9298832644178111,0.9916690112846491,-1.2301679409432842,1.3384988743080917,0.04253396153056922,-0.9713736466251173
1610612750,1996-97,-0.07767332859084969,-0.4261196477597412,-0.07857942035759859,-0.3585005292418895,-0.15506197601989832,0.6049478862752793,0.7924824986870059,-2.009684148928521,0.7741426426224313,-0.28080477920417357,-0.6596165591080194
1610612751,1996-97,-1.2022801307030013,-0.7530052084375701,0.3043197280182084,-1.0102767748003434,-0.9531423765692758,-1.1722250250535629,2.5519633599661855,-1.2301679409432842,0.9152317005438468,-1.6549944273268304,-0.023003346783197827
1610612752,1996-97,1.2836928002817547,-0.6440433548782938,-1.4299881793310327,0.7137765199026637,-1.422601435715969,0.20104495188236046,0.7924824986870059,-0.021917818566171428,2.7493894535222476,0.24462067448978347,-0.7120127082705571
1610612753,1996-97,0.32350219730880714,-0.44791201847159834,-0.3713846514685087,-0.10620004709022997,-0.9061964706546065,-0.5259803300248923,1.2240532759818996,-1.9317325281299975,1.0563207584652625,-0.6445608625307592,-1.225494970063421
1610612755,1996-97,-1.52453588101584,-0.7094204670138621,0.8223597522913576,-1.4518026185657478,-1.7042768712039849,-1.4145667856893147,1.9876015742728632,-1.814805096932212,1.8323105770330461,-0.8870649180818163,0.652906977413528
1610612756,1996-97,-0.07767332859084969,0.4673675514263233,0.2817962487019826,0.18815051542003958,0.9716397659321644,1.5743149288182838,-0.07065905590278113,-1.4640228033388554,-0.14293623386677007,0.48712473004084056,-0.025623154241326013
1610612757,1996-97,0.6457579476216455,0.09689724932478325,-0.8443777171092126,0.8819768413371035,-1.3287096238866303,-0.6875415037820592,1.954403822173256,-0.37270011215952803,1.7617660480723385,0.16378598930609778,-0.6255590621523717
1610612758,1996-97,-0.5577686300773239,-0.6876280963020049,0.25927276938575994,-0.9051515739038186,-0.9531423765692758,-0.12207739563197345,1.622426301177184,-1.541974424137379,1.4795879322295074,-0.5637261773470735,-0.49194888178790114
1610612759,1996-97,-1.6823754321894755,-0.8183823205731384,1.1151649834022677,-1.8512783819725422,-0.9531423765692758,-0.5259803300248923,1.4896352927787553,-2.243539011324092,1.2679543453473858,-1.1295689736328733,-1.600127436575558
1610612760,1996-97,1.2836928002817547,0.8160454828160063,-1.0921359895876743,1.786053569047217,0.1266134594681176,0.9280702337896161,1.3900420364799355,-1.6978776657344263,0.7035981136617234,0.6892114430000548,-0.7539296276005857
1610612761,1996-97,-0.8800243803901626,-0.6440433548782938,0.12413189348841783,-0.736951252469379,-1.281763717971961,-0.6875415037820592,1.6888218053763984,-1.6978776657344263,1.6912215191116307,-0.7658128903062877,-0.6622363665661476
1610612762,1996-97,1.8427078773550472,1.4262318627479562,-0.731760320528093,2.0593790913781818,0.9716397659321644,2.7860237319970405,0.958471259185042,-0.5286033537565711,0.9857762295045547,1.6592276652042788,-0.9058784601719461
1610612763,1996-97,-2.1624707336759497,-1.4721534419287963,0.9575006281886997,-2.3138292659172515,-0.5306292233372529,0.7665090600324462,0.8588780028862204,-3.2179342713056385,1.6206769901509228,-1.3316556865920877,-1.2726515043097022
1610612764,1996-97,0.2445824217219894,-0.1428188285056234,-0.4840020480496282,0.31430075649586936,-0.24895378784923697,0.6049478862752793,0.8920757549858276,-0.9573372681484513,0.9857762295045547,0.0021166189387263694,-0.2718850553052489
1610612737,1997-98,0.7246777232084632,0.14048199074849438,-0.7542837998443157,0.8399267609784935,-1.1878719061426224,-1.3337861988107298,1.8880083179740417,-1.2301679409432842,0.8446871715831391,-0.28080477920417357,-1.4298399517973153
1610612738,1997-98,-0.3999290789036884,-1.1016831398272562,-0.5290490066820767,-0.5687509310349392,-0.8123046588252678,-0.3644191562677253,1.755217309575613,-2.282514821723354,1.2679543453473858,-1.4529077143676161,0.08964837391625834
1610612766,1997-98,0.803597498795281,-0.07744171637005824,-0.5740959653145251,0.46147603775100415,0.07966755355344829,1.089631407546783,0.8920757549858276,-0.37270011215952803,0.9152317005438468,0.08295130412241207,-0.8980190377975652
1610612741,1997-98,1.6848683261814117,0.07510487861292922,-1.6777464518094944,1.6388782877920822,0.5491266127001405,0.8472896469110311,2.7179521204642216,-0.9573372681484513,0.3508754688581845,-0.9678996032655021,-1.115463056822093
1610612739,1997-98,0.4813417484824419,-1.2106449933865324,-1.8804577656555108,0.5876262788268338,-1.0000882824839452,0.6857284731538642,1.0248667633842563,-0.8793856473499276,2.4672113376794162,-0.44247414957154496,-0.8194248140537569
1610612742,1997-98,-1.6823754321894755,-1.5157381833525043,-0.14614985830626967,-1.3256523774899178,-1.140926000227953,-1.6569085463250652,0.22812071299368364,-2.6722729257159727,0.2097864109367689,-1.6954117699186733,-0.8089455842212516
1610612743,1997-98,-2.4058067084019705,-1.8426237440303332,1.0701180247698192,-2.7763801498619602,-1.7042768712039849,-1.5761279594464819,1.2572510280815068,-2.3994422529211397,1.550132461190215,-1.7762464551023591,-0.9163576900044513
1610612765,1997-98,-0.32100930331687066,-0.5350815013190175,-0.9119481550578836,0.33532579667517437,-1.0000882824839452,-1.1722250250535629,1.0912622675834707,-1.269143751342546,0.49196452677960006,-0.6849782051226021,-1.2595524670190688
1610612744,1997-98,-1.761295207776293,-2.6053567189452673,-0.5290490066820767,-2.019478703406982,-1.3756555298012998,-1.010663851296396,1.8880083179740417,-1.4250469929395935,1.7617660480723385,-2.9079320476739565,-0.32690101192591103
1610612745,1997-98,0.0012464469959680537,0.009727766477364053,0.2142258107533115,-0.19030020780744983,-0.7184128469959302,-0.0412968087533914,0.8256802507866132,-1.1132405097454987,1.197409816386678,0.16378598930609778,-0.5338658011179335
1610612754,1997-98,1.3626125758685725,0.09689724932478325,-1.4299881793310327,1.4286278859990327,0.3613429890414642,1.089631407546783,0.19492296089407646,-1.6978776657344263,0.3508754688581845,0.40629004485715486,-1.2752713117678305
1610612746,1997-98,-1.9257114069154966,-0.8837594327087036,0.8448832316075802,-1.6200029400001874,-1.7981686830333237,-1.899250306960817,1.0248667633842563,-2.4384180633204013,1.2679543453473858,-0.8870649180818163,-0.2142492912264586
1610612747,1997-98,1.6059485505945938,0.9903844485108508,-0.7993307584767642,1.7019534083299972,0.2674511772121256,0.9280702337896161,1.3236465322807212,-1.7368534761336882,0.49196452677960006,0.7700461281837405,0.07654933662562112
1610612748,1997-98,1.1258532491081201,-0.03385697494634709,-1.2047533861687938,1.0922272431301532,-0.5306292233372529,0.039483778125193505,1.3236465322807212,-1.2301679409432842,0.9152317005438468,-0.07871806624495933,-1.364344765344144
1610612749,1997-98,-0.3999290789036884,-0.9491365448442688,-0.4840020480496282,-0.46362573013841446,-1.6573309652893156,-1.010663851296396,1.3568442843803283,-1.4250469929395935,1.9733996349544618,-0.5233088347552307,-0.6962938635217955
1610612750,1997-98,0.32350219730880714,0.11868962003664037,-0.07857942035759859,0.16712547524073462,1.3002611073348496,1.3319731681825349,1.1244600196830778,-1.6978776657344263,-0.49565887867030906,-0.44247414957154496,-0.17495217935455445
1610612751,1997-98,0.15908599816960353,-0.012064604234493069,-0.34886117215228607,0.31430075649586936,-0.5306292233372529,-1.3337861988107298,2.784347624663436,-1.9707083385292594,-0.0018471759453544837,-1.0891516310410305,-0.36619812379781524
1610612752,1997-98,0.15908599816960353,-0.9491365448442688,-1.5876525345446009,0.566601238647529,-0.5306292233372529,0.28182553876094535,0.6596914902885772,0.0950096126316141,1.1268652874259701,-0.7658128903062877,-1.317188231097859
1610612753,1997-98,0.0012464469959680537,-1.058098398403545,-0.8218542377929867,-0.2533753283453647,-0.9061964706546065,-0.5259803300248923,2.3527768473685424,-2.1266115801263066,1.3384988743080917,-1.6549944273268304,-1.5844085918267963
1610612755,1997-98,-0.8011046048033449,-1.0363060276916911,-0.5740959653145251,-0.48465077031771936,-1.2348178120572917,-0.5259803300248923,1.3900420364799355,-1.5809502345366409,1.8323105770330461,-1.0487342884491877,-0.6412779069011333
1610612756,1997-98,1.2047730246949377,0.09689724932478325,-1.1822299068525712,1.176327403847373,0.8308020481881564,1.8974372763326206,0.7260869944877916,-1.4250469929395935,0.5625090557403079,0.0021166189387263694,-0.546964838408567
1610612757,1997-98,0.40242197289562487,-0.7530052084375701,-1.1371829482201228,0.33532579667517437,-1.2348178120572917,-0.2836385693891404,1.8548105658744345,-0.6065549745550948,2.1144886928758773,-0.6445608625307592,-0.8115653916793798
1610612758,1997-98,-1.1233603551161835,-1.4721534419287963,-0.1911968169387181,-1.2415522167726982,-0.4836833174225836,0.039483778125193505,0.958471259185042,-2.243539011324092,0.8446871715831391,-1.533742399551302,-0.2037700613939496
1610612759,1997-98,1.2047730246949377,-0.7530052084375701,-1.7678403690743913,0.9240269216957135,-0.6714669410812609,0.6049478862752793,0.8920757549858276,-0.1778210601632188,1.7617660480723385,-0.36163946438785927,-1.2857505416003356
1610612760,1997-98,1.6059485505945938,0.9250073363752827,-0.7993307584767642,1.6599033279713873,0.8777479541028258,1.412753755061117,0.7260869944877916,-2.555345494518187,-0.0018471759453544837,0.7296287855918977,-0.9425557645857221
1610612761,1997-98,-2.0046311825023144,-1.406776329793228,0.6872188763940155,-1.9984536632276768,-1.281763717971961,-0.7683220906606442,1.3236465322807212,-3.841547237693828,1.550132461190215,-1.4529077143676161,-0.051821228822592984
1610612762,1997-98,1.6848683261814117,1.0993463020701273,-0.4614785687334056,1.5127280467162525,0.4552348008708018,1.9782178632112026,1.755217309575613,-0.6455307849543566,1.1268652874259701,1.1742195541021645,-1.049967870368922
1610612763,1997-98,-1.761295207776293,-0.7530052084375701,0.9800241075049255,-1.6410279801794925,-0.6714669410812609,0.7665090600324462,1.3568442843803283,-1.8927567177307356,2.0439441639151696,-0.5233088347552307,-0.2509265956402346
1610612764,1997-98,0.08016622258278579,-0.4261196477597412,-0.5966194446307478,0.1461004350614296,0.4552348008708018,0.44338671251811235,1.3236465322807212,-1.0742646993462368,-0.14293623386677007,-1.0891516310410305,-0.41335465804409655
1610612737,1998-99,0.7904442028641446,-1.6247000369117806,-2.3759743106124374,0.6507013993647488,-2.3145736480946852,-3.191739697018157,1.7884150616752201,0.017057991833090418,1.197409816386678,-1.9379158254697304,-1.9538014434226845
1610612738,1998-99,-0.7879513088722085,-1.5593229247762155,-1.1371829482201228,-0.44260068995910945,-1.0000882824839452,-0.5259803300248923,1.0248667633842563,-1.34709537214107,1.2679543453473858,-1.5741597421431448,-0.4028754282115912
1610612766,1998-99,0.13277940630733095,-1.1888526226746754,-1.2272768654850164,-0.001074846193705124,-0.7184128469959302,0.5241672993966973,-1.0997893709906024,-0.8793856473499276,1.3384988743080917,-0.11913540883680218,-0.8194248140537569
1610612741,1998-99,-1.5771490647403852,-3.150165986741649,-0.9344716343741063,-2.1876790248414215,-1.0939800943132838,-0.4451997431463102,-0.004263551703566731,-0.6455307849543566,1.4090434032687995,-2.827097362490273,-1.4062616846741727
1610612739,1998-99,-0.3933524309381203,-1.6682847783354917,-1.2948473034336907,-0.40055060960049943,-0.7184128469959302,0.7665090600324462,-0.13705456010199552,-1.7368534761336882,1.7617660480723385,-0.8062302328981307,-1.8070922257675806
1610612742,1998-99,-0.7879513088722085,-1.2324373640983866,-0.6416664032631961,-0.5687509310349392,-1.0000882824839452,-1.8184697200822337,0.7260869944877916,-1.0742646993462368,-0.14293623386677007,-1.533742399551302,-0.9844726839157507
1610612743,1998-99,-1.4456161054290222,-0.9709289155561228,0.6196484384453411,-1.5359027792829676,-1.0939800943132838,-1.3337861988107298,0.6596914902885772,-1.5809502345366409,0.49196452677960006,-1.1699863162247162,-0.6727155963986566
1610612765,1998-99,0.5273782842414189,-0.7530052084375701,-1.6777464518094944,0.8399267609784935,-1.2348178120572917,-0.4451997431463102,1.0580645154838635,-0.13884524976395696,1.8323105770330461,-0.48289149216338784,-1.736357424398153
1610612744,1998-99,-0.5248853902494831,-2.1477169339963083,-1.565129055228375,-0.6108010113935491,-0.9061964706546065,-0.9298832644178111,2.2531835910697207,-0.4116759225587899,0.9857762295045547,-2.78668001989843,-0.9425557645857221
1610612745,1998-99,0.7904442028641446,-0.5132891306071635,-1.0921359895876743,0.524551158288919,-1.140926000227953,-0.0412968087533914,0.42730722559132683,-0.8793856473499276,1.7617660480723385,0.20420333189794063,-1.0761659449501888
1610612754,1998-99,1.0535101214868705,0.1622743614603484,-0.8218542377929867,0.9030018815164085,0.03272164763877897,-0.4451997431463102,0.3609117213921124,-1.1522163201447606,-0.49565887867030906,-0.11913540883680218,-1.6761018528612381
1610612746,1998-99,-2.1032809019858365,-1.6464924076236378,0.43946060391555053,-2.019478703406982,-2.408465459924024,-3.03017852326099,1.0912622675834707,-2.1266115801263066,1.4090434032687995,-1.735829112510516,-0.921597304920704
1610612747,1998-99,0.7904442028641446,0.0533125079010721,-0.6867133618956446,0.6927514797233587,-0.4367374115079143,-0.0412968087533914,0.7924824986870059,-1.1522163201447606,0.6330535847010157,-0.07871806624495933,-0.42121408041847735
1610612748,1998-99,1.0535101214868705,-0.6440433548782938,-1.9705516829204077,1.218377484205983,-0.8123046588252678,0.12026436500377842,-0.004263551703566731,-0.6845065953536185,1.3384988743080917,0.0021166189387263694,-2.1502870027821976
1610612749,1998-99,0.39584532493005675,-0.6440433548782938,-1.0470890309552259,0.3773758770337843,-0.5306292233372529,-0.12207739563197345,0.42730722559132683,-2.048659959327783,0.5625090557403079,-0.40205680697970214,-1.5503510948711485
1610612750,1998-99,0.0012464469959680537,-1.2978144762339516,-1.4525116586472555,0.10405035470281972,1.6758283546522033,0.9280702337896161,1.622426301177184,-1.0742646993462368,-1.0600151103559694,-2.382506593980002,-0.44479234754161984
1610612751,1998-99,-1.1825501868062969,-1.9297932268777556,-1.0470890309552259,-0.8841265337245137,-1.4695473416306384,-2.1415920675965676,0.958471259185042,-0.7234824057528803,0.4214199978188923,-2.22083722361263,-0.2168690986845831
1610612752,1998-99,0.2643123656186938,-1.8862084854540444,-2.240833434715092,0.2512256359579545,-1.6103850593746463,-0.8491026775392276,0.12852745669486207,-1.1522163201447606,1.9733996349544618,-1.250821001408402,-1.6603830081124764
1610612753,1998-99,1.0535101214868705,-1.5157381833525043,-2.1507395174501984,0.545576198468224,-1.140926000227953,-0.2836385693891404,2.0207993263724706,-0.6065549745550948,1.9733996349544618,-1.6954117699186733,-1.2123959327727838
1610612755,1998-99,0.39584532493005675,-1.755454261182914,-2.330927351979989,0.503526118109614,-1.8920604948626623,-1.8184697200822337,1.8880083179740417,-0.8404098369506658,1.8323105770330461,-1.8570811402860448,-1.0473480629107936
1610612756,1998-99,0.2643123656186938,-0.4261196477597412,-0.9569951136903321,0.46147603775100415,1.347207013249519,1.7358761025754537,0.22812071299368364,-1.1522163201447606,-0.3545698207488935,-0.5637261773470735,-0.7906069320143617
1610612757,1998-99,1.3165760401095956,-0.6658357255901509,-2.173262996766421,1.3865778056404225,-0.7184128469959302,-0.2836385693891404,1.5228330448783625,-0.5286033537565711,0.9857762295045547,-0.7658128903062877,-0.9818528764576225
1610612758,1998-99,0.2643123656186938,-1.0145136569798339,-0.9569951136903321,-0.08517500691092499,-0.9531423765692758,-0.4451997431463102,0.958471259185042,-1.814805096932212,1.197409816386678,-1.0487342884491877,0.7341210086154608
1610612759,1998-99,1.5796419587323214,-0.6876280963020049,-2.758873458988244,1.9122038101230467,-0.4367374115079143,0.36260612563952743,0.9916690112846491,-1.0352888889469751,1.0563207584652625,-0.6849782051226021,-1.225494970063421
1610612760,1998-99,0.0012464469959680537,-0.5786662427427287,-0.3713846514685087,-0.19030020780744983,-0.5775751292519222,-0.20285798251055837,1.4896352927787553,-1.0742646993462368,0.9857762295045547,-0.8466475754899735,-0.8744407706744227
1610612761,1998-99,-0.26181947162675734,-1.3196068469458089,-0.9119481550578836,-0.40055060960049943,-1.140926000227953,-0.6875415037820592,1.9876015742728632,-0.9963130785477132,1.550132461190215,-1.4529077143676161,-1.0185301808713985
1610612762,1998-99,1.5796419587323214,-0.360742535624176,-2.0606456001853015,1.5547781270748626,-0.2958996937639063,1.6550955156968687,0.9916690112846491,-0.9183614577491895,2.0439441639151696,0.20420333189794063,-1.6210858962405723
1610612763,1998-99,-2.2348138612971993,-1.9080008561659014,0.101608414172192,-1.9564035828690671,-1.8920604948626623,-1.3337861988107298,1.4232397885795427,-2.1655873905255687,2.255577750797293,-1.6954117699186733,-1.1180828642802174
1610612764,1998-99,-0.9194842681835714,-1.3196068469458089,-0.8443777171092126,-0.48465077031771936,-0.4367374115079143,-0.12207739563197345,0.29451621719289806,-1.0742646993462368,0.5625090557403079,-1.3316556865920877,-0.9032586527138179
1610612737,1999-00,-1.0444405795293659,-1.2542297348102436,-0.011008982408927519,-1.199502136414088,-1.5164932475453077,-1.899250306960817,1.1576577717826853,-0.09986943936469511,0.7741426426224313,-1.4933250569594592,-0.2640256329308681
1610612738,1999-00,-0.4788488544905061,-0.6440433548782938,-0.43895508941717976,-0.23235028816605977,-0.7653587529105995,-0.8491026775392276,0.9252735070854348,0.1729612334301378,0.4214199978188923,-0.8062302328981307,0.42760353601461937
1610612766,1999-00,0.6457579476216455,-0.7312128377257161,-1.3849412206985843,0.5876262788268338,0.6430184245294791,1.170411994425365,-0.5354275852972818,0.4457919062249707,-0.0018471759453544837,-0.40205680697970214,0.2677952810688819
1610612741,1999-00,-1.9257114069154966,-2.845072796775677,-0.6867133618956446,-2.1035788641242017,-2.3145736480946852,-0.9298832644178111,1.0580645154838635,-0.9573372681484513,3.8781019168935704,-2.0187505106534163,-0.9504151869600992
1610612739,1999-00,-0.7221848292165272,-1.5593229247762155,-0.8218542377929867,-0.736951252469379,-0.8592505647399371,0.28182553876094535,0.29451621719289806,-0.6065549745550948,1.6912215191116307,-0.9678996032655021,0.7341210086154608
1610612742,1999-00,-0.07767332859084969,-0.25178068206489973,-0.14614985830626967,-0.10620004709022997,0.31439708312679493,-0.20285798251055837,-0.6018230894964944,-2.087635769727045,-0.7778369945131403,-0.32122212179601645,0.5454948716303282
1610612743,1999-00,-0.4788488544905061,-0.7965899498612813,-0.3038142135198376,-0.48465077031771936,-0.24895378784923697,0.20104495188236046,0.7260869944877916,-0.48962754335731357,0.5625090557403079,-0.9274822606736591,0.3647281570195764
1610612765,1999-00,0.08016622258278579,-0.1428188285056234,-0.4614785687334056,0.2932757163165644,-1.0000882824839452,-1.010663851296396,-0.13705456010199552,-0.2557726809617425,0.49196452677960006,0.32545535967346917,0.7865171577779985
1610612744,1999-00,-1.761295207776293,-1.7118695197592029,0.14665537280464044,-1.7671782212553222,-0.5775751292519222,-0.5259803300248923,1.5560307969779696,-1.0742646993462368,0.7035981136617234,-2.261254566204473,0.6686258221622896
1610612745,1999-00,-0.5577686300773239,-0.5568738720308747,-0.3713846514685087,-0.16927516762814487,-1.422601435715969,-0.5259803300248923,0.7260869944877916,-0.37270011215952803,1.9733996349544618,-0.15955275142864503,0.25731605123637663
1610612754,1999-00,1.2047730246949377,0.20585910288405956,-0.9344716343741063,1.0712022029508481,0.2674511772121256,0.44338671251811235,-0.7678118499945304,-0.37270011215952803,-0.28402529178818564,0.48712473004084056,0.03725222475372067
1610612746,1999-00,-2.083550958089132,-2.125924563284454,0.484507562547999,-2.503054627530996,-1.985952306692,-2.2223726544751523,-0.4358343289984603,-1.0352888889469751,1.1268652874259701,-1.6549944273268304,0.29661316310827707
1610612747,1999-00,2.0860438520810676,-0.09923408708191225,-2.1282160381339725,1.891178769943742,0.6430184245294791,0.36260612563952743,0.8256802507866132,0.1729612334301378,-0.49565887867030906,-0.6041435199389164,0.12632567833003433
1610612748,1999-00,0.8825172743820987,-0.7312128377257161,-1.4525116586472555,0.6507013993647488,0.1266134594681176,1.089631407546783,0.16172520879446925,-0.1778210601632188,0.7035981136617234,-0.28080477920417357,-0.8744407706744227
1610612749,1999-00,0.08016622258278579,0.14048199074849438,0.07908493485596937,0.06200027434420978,-0.15506197601989832,0.12026436500377842,0.9252735070854348,-1.308119561741808,0.3508754688581845,-0.03830072365311648,-0.07539949594573549
1610612750,1999-00,0.7246777232084632,-0.360742535624176,-0.9344716343741063,0.524551158288919,1.8636119783108804,2.3013402107255394,0.62649373818897,-0.1778210601632188,-0.42511434970960127,-0.6041435199389164,-0.31118216717714936
1610612751,1999-00,-0.8011046048033449,-0.6658357255901509,-0.43895508941717976,-0.23235028816605977,-0.15506197601989832,-0.9298832644178111,-0.037461303803173925,-1.6978776657344263,-0.7072924655524324,-0.9274822606736591,0.018913572546830813
1610612752,1999-00,0.7246777232084632,-1.0798907691153992,-1.4299881793310327,0.31430075649586936,-1.0470341883986145,-0.9298832644178111,-0.7346140978949232,-0.06089362896543327,0.49196452677960006,-0.5233088347552307,-1.0525876778270462
1610612753,1999-00,0.0012464469959680537,-1.0363060276916911,-1.2498003448012422,0.16712547524073462,-1.7042768712039849,-1.3337861988107298,1.4896352927787553,-1.2301679409432842,1.7617660480723385,-0.9678996032655021,1.0799355930882064
1610612755,1999-00,0.6457579476216455,-1.2978144762339516,-1.7002699311257203,0.31430075649586936,-0.5775751292519222,-0.2836385693891404,1.1908555238822924,-0.8014340265514039,0.8446871715831391,-1.5741597421431448,-0.08063911086198813
1610612756,1999-00,0.9614370499689164,-0.6876280963020049,-1.9255047242879593,1.134277323488763,-0.06117016419055968,1.4935343419397018,0.5600982339897556,-0.9573372681484513,1.4090434032687995,-0.32122212179601645,0.29137354819202443
1610612757,1999-00,1.4481089994209584,0.14048199074849438,-1.4299881793310327,1.4496529261783377,0.03272164763877897,1.008850820668198,1.1908555238822924,-0.29474849136100434,0.9152317005438468,0.24462067448978347,-0.9242171123788322
1610612758,1999-00,0.2445824217219894,-0.49149675989530944,-1.1597064275363453,0.6086513190061389,-0.34284559967857564,0.039483778125193505,0.29451621719289806,-0.8404098369506658,0.49196452677960006,-0.5637261773470735,1.5986574697973193
1610612759,1999-00,0.9614370499689164,-0.5132891306071635,-1.9705516829204077,1.3445277252818129,-0.2958996937639063,0.28182553876094535,0.06213195249564766,0.0950096126316141,0.6330535847010157,-0.19997009402048788,-0.6412779069011333
1610612760,1999-00,0.32350219730880714,-0.4043272770478872,-0.6191429239469736,0.20917555559934453,0.4082888949561325,0.20104495188236046,0.42730722559132683,-1.0742646993462368,-0.3545698207488935,-0.8062302328981307,0.04773145458622597
1610612761,1999-00,0.32350219730880714,-0.6876280963020049,-0.6867133618956446,-0.02209988637301009,0.7838561422734871,0.6049478862752793,0.8256802507866132,-0.5675791641558329,-0.42511434970960127,-1.1699863162247162,-0.06754007357135465
1610612762,1999-00,1.1258532491081201,-0.03385697494634709,-1.0696125102714515,0.9660770020543233,0.5960725186148098,1.7358761025754537,0.9916690112846491,-0.09986943936469511,0.7035981136617234,0.0021166189387263694,-0.9739934540832417
1610612763,1999-00,-1.52453588101584,-1.1234755105391103,0.1917023314370889,-1.262577256952003,-1.4695473416306384,-0.6067609169034772,0.8920757549858276,-0.8404098369506658,1.9733996349544618,-0.6445608625307592,-0.5495846458666952
1610612764,1999-00,-0.9589441559769804,-0.8837594327087036,-0.14614985830626967,-0.715926212290074,-0.9531423765692758,-0.4451997431463102,0.9916690112846491,-0.5675791641558329,1.197409816386678,-0.7658128903062877,-0.05968065119697382
1610612737,2000-01,-1.281199906289819,-1.9515855975896095,-0.7768072791605383,-1.1574520560554782,-1.8920604948626623,-1.6569085463250652,0.460504977690934,-0.37270011215952803,1.7617660480723385,-1.6145770847349876,-0.24306717326585378
1610612738,2000-01,-0.3999290789036884,-1.2542297348102436,-0.7993307584767642,-0.46362573013841446,-1.0000882824839452,-0.6067609169034772,-0.6350208415961016,-0.4116759225587899,0.9152317005438468,-0.7658128903062877,-0.19591063901956876
1610612766,2000-01,0.40242197289562487,-1.3413992176576628,-1.8579342863392883,0.44045099757169914,0.31439708312679493,0.6857284731538642,0.5269004818901484,0.36784028542644703,0.2097864109367689,-1.3720730291839305,-0.86920115575817
1610612741,2000-01,-2.083550958089132,-2.1695093047081624,0.011514496907298305,-2.1035788641242017,-0.6714669410812609,0.36260612563952743,0.09532970459525486,-1.0742646993462368,1.4090434032687995,-1.816663797694202,-1.0709263300339362
1610612739,2000-01,-0.8800243803901626,-1.428568700505085,-0.5290490066820767,-0.8841265337245137,-1.281763717971961,-0.6067609169034772,1.0580645154838635,-0.8793856473499276,1.6912215191116307,-1.250821001408402,-0.5862619502804711
1610612742,2000-01,0.9614370499689164,-0.05564934565820421,-1.0470890309552259,0.9240269216957135,-0.108116070105229,-0.3644191562677253,-0.9006028583929592,-0.8793856473499276,-0.49565887867030906,0.16378598930609778,-0.009904309492564344
1610612743,2000-01,-0.07767332859084969,-0.7965899498612813,-0.21372029625494074,-0.5897759712142442,0.8777479541028258,0.8472896469110311,0.22812071299368364,-0.4116759225587899,-0.42511434970960127,-1.1699863162247162,-0.15137391223141194
1610612765,2000-01,-0.7221848292165272,-1.6029076661999266,-1.2498003448012422,-0.37952556942119453,-1.3756555298012998,-1.6569085463250652,0.8588780028862204,-0.37270011215952803,0.7741426426224313,-1.6954117699186733,0.41712430618211405
1610612744,2000-01,-1.9257114069154966,-2.082339821860743,-0.07857942035759859,-1.9353785426897618,-0.8123046588252678,-0.8491026775392276,1.9212060700736489,-0.8014340265514039,0.8446871715831391,-2.827097362490273,0.29923297056640524
1610612745,2000-01,0.32350219730880714,-0.1428188285056234,-0.6867133618956446,0.503526118109614,-0.9531423765692758,-1.010663851296396,0.19492296089407646,-0.37270011215952803,0.4214199978188923,-0.07871806624495933,-0.7591692425168421
1610612754,2000-01,0.0012464469959680537,-1.2106449933865324,-1.2047533861687938,-0.04312492655231506,-0.5775751292519222,-0.0412968087533914,-0.07065905590278113,-0.6065549745550948,0.7741426426224313,-0.8466475754899735,-0.9608944167926082
1610612746,2000-01,-0.8011046048033449,-1.2106449933865324,-0.5966194446307478,-0.6108010113935491,-1.4695473416306384,-1.3337861988107298,0.7592847465873988,-0.7234824057528803,1.2679543453473858,-1.0487342884491877,-1.0185301808713985
1610612747,2000-01,1.2047730246949377,0.2494438443077707,-0.506525527365854,0.7348015600819686,0.22050527129745626,0.36260612563952743,1.290448780181114,-0.37270011215952803,0.0686973530153533,-0.19997009402048788,-0.43431311770911085
1610612748,2000-01,0.7246777232084632,-1.406776329793228,-1.9705516829204077,0.48250107793030905,-0.4367374115079143,-0.4451997431463102,-0.6350208415961016,-0.021917818566171428,-0.0018471759453544837,-1.0083169458573449,-1.6158462813243197
1610612749,2000-01,0.8825172743820987,0.20585910288405956,-0.731760320528093,0.8819768413371035,0.4552348008708018,0.20104495188236046,0.06213195249564766,-0.6845065953536185,-0.5662034076310168,0.08295130412241207,-0.17495217935455445
1610612750,2000-01,0.4813417484824419,-0.4261196477597412,-0.7768072791605383,0.33532579667517437,1.347207013249519,1.6550955156968687,0.5269004818901484,-0.7234824057528803,-0.3545698207488935,-0.6849782051226021,-0.41073485058597203
1610612751,2000-01,-1.2022801307030013,-1.6247000369117806,-0.4614785687334056,-1.1364270158761733,-1.0000882824839452,-1.2530056119321464,-0.2366478164008171,-1.0742646993462368,0.2803309398974767,-1.4529077143676161,-0.31642178209340577
1610612752,2000-01,0.5602615240692597,-1.2760221055220977,-1.9930751622366305,0.6296763591854438,-1.2348178120572917,-1.0914444381749795,-0.7678118499945304,0.2509128542286615,0.7035981136617234,-0.6849782051226021,-1.7861337661025662
1610612753,2000-01,0.15908599816960353,-0.8183823205731384,-1.0696125102714515,0.20917555559934453,-0.4367374115079143,-0.2836385693891404,0.7260869944877916,-1.5029986137381173,0.4214199978188923,-1.0891516310410305,-0.10945699290138329
1610612755,2000-01,1.2047730246949377,-0.8619670619968465,-1.9255047242879593,0.9660770020543233,-1.0939800943132838,-0.7683220906606442,1.1576577717826853,0.13398542303087596,1.197409816386678,-0.8870649180818163,-0.646517521817386
1610612756,2000-01,0.803597498795281,-1.5157381833525043,-2.0606456001853015,0.48250107793030905,-0.108116070105229,0.44338671251811235,0.19492296089407646,0.05603380223235226,0.5625090557403079,-1.3720730291839305,-0.0387221915319595
1610612757,2000-01,0.7246777232084632,-0.25178068206489973,-1.2047533861687938,0.8819768413371035,0.07966755355344829,1.3319731681825349,1.1244600196830778,-0.021917818566171428,1.0563207584652625,-0.03830072365311648,-1.0552074852851745
1610612758,2000-01,1.1258532491081201,-0.360742535624176,-1.6552229724932719,1.197352444026678,-0.108116070105229,-0.12207739563197345,0.2613184650932908,-0.8404098369506658,-0.07239170490606228,-0.44247414957154496,0.27565470344326276
1610612759,2000-01,1.3626125758685725,-0.18640356992933454,-2.0831690795015274,1.7440034886886073,0.03272164763877897,0.20104495188236046,-0.07065905590278113,0.0950096126316141,-0.07239170490606228,0.04253396153056922,-0.9661340317088608
1610612760,2000-01,0.2445824217219894,-0.31715779420046486,-0.3713846514685087,0.04097523416490481,-0.5306292233372529,-0.0412968087533914,0.7260869944877916,-1.269143751342546,0.7741426426224313,-0.40205680697970214,-0.4893290743297767
1610612761,2000-01,0.4813417484824419,-0.31715779420046486,-0.8669011964254352,0.48250107793030905,1.488044730993527,1.008850820668198,1.3236465322807212,-0.021917818566171428,-0.848381523473848,-1.2104036588165592,-0.6124600248617381
1610612762,2000-01,0.9614370499689164,0.0533125079010721,-1.1146594689038969,1.0922272431301532,0.4082888949561325,2.1397790369683727,1.0912622675834707,0.017057991833090418,1.4090434032687995,0.24462067448978347,-0.9111180750881988
1610612763,2000-01,-1.4456161054290222,-1.6682847783354917,-0.3713846514685087,-1.262577256952003,-0.34284559967857564,0.7665090600324462,-0.2034500643012099,-0.9963130785477132,1.0563207584652625,-1.2104036588165592,-0.40025562075346305
1610612764,2000-01,-1.761295207776293,-1.406776329793228,0.07908493485596937,-1.4307775783864427,-1.7042768712039849,-1.0914444381749795,0.958471259185042,-0.6455307849543566,1.9733996349544618,-1.0487342884491877,-0.15399371968954012
1610612737,2001-02,-0.6432650536297094,-1.1888526226746754,-0.23624377557116655,-0.9261766140831237,-1.140926000227953,-0.9298832644178111,-0.07065905590278113,-0.4506517329580517,0.9152317005438468,-0.9274822606736591,-0.35309908650718175
1610612738,2001-02,0.6457579476216455,-0.8183823205731384,-1.3398942620661358,0.46147603775100415,0.03272164763877897,-0.4451997431463102,-0.9006028583929592,-0.21679687056248065,-0.6367479365917247,-0.8062302328981307,-0.2509265956402346
1610612766,2001-02,0.2445824217219894,-0.6440433548782938,-0.9119481550578836,0.2512256359579545,-0.06117016419055968,-0.20285798251055837,1.1244600196830778,-0.4506517329580517,0.0686973530153533,-1.0891516310410305,-0.9504151869600992
1610612741,2001-02,-1.6034556566026579,-1.8862084854540444,0.07908493485596937,-1.914353502510457,-0.4367374115079143,0.28182553876094535,-0.037461303803173925,-0.6065549745550948,0.9152317005438468,-1.6549944273268304,-0.785367317098109
1610612739,2001-02,-0.9589441559769804,-0.5350815013190175,0.25927276938575994,-0.7579762926486839,0.17355936538278693,0.6857284731538642,0.6596914902885772,-0.4116759225587899,0.3508754688581845,-0.6445608625307592,-0.8508625035512802
1610612742,2001-02,1.2836928002817547,0.9685920777989937,0.03403797622352093,0.9030018815164085,1.347207013249519,-0.0412968087533914,-0.4690320810980675,-0.6845065953536185,-1.8360049289237552,0.5275420726326834,-0.051821228822592984
1610612743,2001-02,-1.1233603551161835,-1.2106449933865324,0.16917885212086306,-1.3256523774899178,-0.15506197601989832,0.039483778125193505,1.3900420364799355,-1.269143751342546,0.49196452677960006,-1.816663797694202,-0.840383273718775
1610612765,2001-02,0.7246777232084632,-0.5786662427427287,-1.1146594689038969,0.48250107793030905,-0.2958996937639063,0.28182553876094535,-0.7346140978949232,-0.9573372681484513,0.4214199978188923,0.0021166189387263694,-0.8325238513443941
1610612744,2001-02,-1.6034556566026579,-0.9491365448442688,0.2817962487019826,-1.178477096234783,-1.422601435715969,-1.3337861988107298,2.452370103667364,-1.2301679409432842,1.550132461190215,-1.6549944273268304,0.31233200785703874
1610612745,2001-02,-1.0444405795293659,-0.9273441741324148,0.23674929006953735,-1.1364270158761733,-1.2348178120572917,-1.899250306960817,0.9252735070854348,-0.9963130785477132,0.1392418819760611,-1.3316556865920877,-1.3093288087234782
1610612754,2001-02,0.08016622258278579,-0.6658357255901509,-0.7768072791605383,0.08302531452351475,-0.15506197601989832,0.5241672993966973,0.09532970459525486,-0.5675791641558329,0.6330535847010157,-0.5233088347552307,-0.37405754617219605
1610612746,2001-02,-0.15659310417766742,-0.338950164912322,-0.25876725488738916,-0.08517500691092499,-0.6245210351665915,-0.5259803300248923,1.6556240532767912,-1.0742646993462368,0.5625090557403079,-0.8466475754899735,-0.8770605781325509
1610612747,2001-02,1.3626125758685725,0.4673675514263233,-1.2272768654850164,1.5968282074334723,1.2533152014201803,0.44338671251811235,0.39410947349171965,-0.5675791641558329,-1.271648697238093,-0.24038743661233072,-0.3242812044677866
1610612763,2001-02,-1.4456161054290222,-2.0169627097251777,-0.25876725488738916,-1.6830780605381024,-1.0000882824839452,-0.0412968087533914,0.19492296089407646,-1.4640228033388554,1.6206769901509228,-1.5741597421431448,-0.5260063787435527
1610612748,2001-02,-0.3999290789036884,-1.8644161147421905,-1.5426055759121524,-0.3585005292418895,-0.8123046588252678,-0.3644191562677253,-0.07065905590278113,0.36784028542644703,0.9152317005438468,-1.5741597421431448,-1.5948878216593054
1610612749,2001-02,0.0012464469959680537,-0.12102645779376939,-0.05605594104137596,-0.06414996673162002,0.2674511772121256,0.6049478862752793,-0.40263657689885307,-0.8404098369506658,-0.07239170490606228,0.16378598930609778,-0.7984663543887426
1610612750,2001-02,0.7246777232084632,0.358405697867047,-0.3939081307847345,0.7137765199026637,1.3002611073348496,1.170411994425365,1.4564375406791499,0.0950096126316141,-0.5662034076310168,-0.32122212179601645,-0.7434503977680804
1610612751,2001-02,0.8825172743820987,-0.7530052084375701,-1.7453168897581688,0.9030018815164085,0.5960725186148098,1.008850820668198,0.7592847465873988,-0.6845065953536185,0.0686973530153533,-1.0083169458573449,-0.3557188939653062
1610612752,2001-02,-0.8800243803901626,-1.1888526226746754,-0.281290734203615,-0.8841265337245137,-0.4836833174225836,-0.20285798251055837,-0.2366478164008171,-0.6455307849543566,0.4214199978188923,-1.0487342884491877,-0.9897122988320034
1610612753,2001-02,0.2445824217219894,-0.05564934565820421,-0.3939081307847345,0.31430075649586936,0.31439708312679493,-0.12207739563197345,-0.2366478164008171,-1.3860711825403316,-0.7072924655524324,-0.28080477920417357,-0.041341998990083964
1610612755,2001-02,0.15908599816960353,-1.1670602519628213,-1.6101760138608234,0.3773758770337843,-1.140926000227953,-0.9298832644178111,1.3900420364799355,0.05603380223235226,1.1268652874259701,-1.3316556865920877,-1.1102234419058403
1610612756,2001-02,-0.3999290789036884,-0.8837594327087036,-0.731760320528093,-0.1482501274488399,-0.06117016419055968,0.12026436500377842,0.9252735070854348,-1.1132405097454987,0.2803309398974767,-1.2104036588165592,-0.4762300370391432
1610612757,2001-02,0.6457579476216455,0.009727766477364053,-0.731760320528093,0.6927514797233587,0.4552348008708018,0.8472896469110311,1.5228330448783625,0.0950096126316141,0.2803309398974767,-0.48289149216338784,-1.049967870368922
1610612758,2001-02,1.6059485505945938,0.4455751807144693,-1.3849412206985843,1.7019534083299972,0.9246938600174951,0.6049478862752793,0.22812071299368364,-0.4116759225587899,-0.7778369945131403,-0.03830072365311648,0.5716929462115952
1610612759,2001-02,1.3626125758685725,-0.09923408708191225,-1.6552229724932719,1.4496529261783377,-0.7184128469959302,-0.7683220906606442,0.06213195249564766,-0.6065549745550948,0.2803309398974767,-0.03830072365311648,-0.9163576900044513
1610612760,2001-02,0.32350219730880714,0.31482095644333585,-0.3939081307847345,0.6927514797233587,0.7838561422734871,1.089631407546783,0.6928892423881844,-1.7368534761336882,-0.14293623386677007,0.0021166189387263694,-1.1023640195314595
1610612761,2001-02,0.08016622258278579,-1.0363060276916911,-0.9344716343741063,-0.12722508726953494,-0.108116070105229,-0.0412968087533914,1.4564375406791499,-1.1522163201447606,0.3508754688581845,-1.5741597421431448,-1.188817665649645
1610612762,2001-02,0.2445824217219894,-0.44791201847159834,-0.6641898825794188,0.18815051542003958,-0.2958996937639063,1.170411994425365,2.087194830571685,-0.6845065953536185,1.7617660480723385,-0.44247414957154496,-0.7355909753936996
1610612764,2001-02,-0.32100930331687066,-0.6440433548782938,-0.3038142135198376,-0.33747548906258457,0.31439708312679493,-0.2836385693891404,0.958471259185042,-0.6065549745550948,-0.6367479365917247,-1.2912383440002448,-1.2123959327727838
1610612737,2002-03,-0.4788488544905061,-1.1888526226746754,-0.3713846514685087,-0.8000263730072938,-1.4695473416306384,-0.7683220906606442,0.028934200396040465,-0.7624582161521422,1.7617660480723385,-0.5233088347552307,-0.5050479190785384
1610612738,2002-03,0.2445824217219894,-1.2760221055220977,-1.2047533861687938,-0.12722508726953494,-0.8123046588252678,-1.1722250250535629,-1.0997893709906024,-0.37270011215952803,-0.14293623386677007,-1.0487342884491877,-0.6831948262311619
1610612741,2002-03,-0.8800243803901626,-1.4721534419287963,-0.3713846514685087,-1.0733518953382584,-1.2348178120572917,-0.3644191562677253,0.2613184650932908,-1.1132405097454987,1.6912215191116307,-1.1295689736328733,0.052971069502482336
1610612739,2002-03,-1.9257114069154966,-2.32205589969115,-0.16867333762249548,-2.0825538239448966,-1.8920604948626623,-1.010663851296396,1.290448780181114,-0.13884524976395696,2.6788449245615396,-1.9783331680615732,0.19968028715758257
1610612742,2002-03,1.5270287750077762,0.7506683706804411,-1.0921359895876743,1.7440034886886073,1.8636119783108804,0.28182553876094535,-0.7346140978949232,-0.9183614577491895,-2.1181830447665866,0.12336864671425492,-0.21162948376833043
1610612743,2002-03,-1.9257114069154966,-3.19375072816536,-1.2948473034336907,-1.872303422151847,-1.845114588947993,-0.5259803300248923,1.5228330448783625,-0.13884524976395696,3.31374568520791,-2.867514705082116,-0.6412779069011333
1610612765,2002-03,0.7246777232084632,-0.7530052084375701,-1.722793410441943,0.8819768413371035,-0.34284559967857564,-0.6067609169034772,-0.17025231220160272,0.2509128542286615,-0.14293623386677007,-0.6849782051226021,-1.6499037782799675
1610612744,2002-03,-0.24208952773005293,0.11868962003664037,0.4169371245993279,-0.2744003685246697,-1.0470341883986145,-1.2530056119321464,2.3859745994681494,-1.4640228033388554,0.7741426426224313,-0.5637261773470735,0.34638950481268654
1610612745,2002-03,0.15908599816960353,-0.7530052084375701,-1.1146594689038969,0.31430075649586936,-1.7042768712039849,-1.8184697200822337,1.0580645154838635,-0.09986943936469511,1.197409816386678,-0.7253955477144449,-1.0997442120733314
1610612754,2002-03,0.5602615240692597,-0.5786662427427287,-1.4074647000148102,0.7348015600819686,0.17355936538278693,0.6049478862752793,0.62649373818897,-0.2557726809617425,0.2803309398974767,-0.7253955477144449,-0.48408945941352405
1610612746,2002-03,-1.1233603551161835,-1.0363060276916911,-0.16867333762249548,-0.8420764533659038,-1.422601435715969,-1.2530056119321464,0.5600982339897556,-1.0742646993462368,1.197409816386678,-0.9678996032655021,-0.49194888178790114
1610612747,2002-03,0.7246777232084632,-0.05564934565820421,-0.5515724859982993,0.46147603775100415,0.2674511772121256,0.36260612563952743,0.958471259185042,-0.29474849136100434,-0.0018471759453544837,-0.48289149216338784,-0.2037700613939496
1610612763,2002-03,-1.0444405795293659,-0.7747975791494273,0.011514496907298305,-0.736951252469379,-0.20200788193456765,0.44338671251811235,0.06213195249564766,-1.6199260449359028,0.6330535847010157,-0.5637261773470735,-0.13827487494077845
1610612748,2002-03,-1.281199906289819,-2.2784711582674384,-1.0470890309552259,-1.2205271765933932,-1.1878719061426224,-1.5761279594464819,0.22812071299368364,0.3288644750271852,0.4214199978188923,-2.3016719087963162,-1.4743766785854684
1610612749,2002-03,0.08016622258278579,0.2930285857314818,0.23674929006953735,0.06200027434420978,0.9716397659321644,0.36260612563952743,-0.40263657689885307,-1.34709537214107,-1.1305596393166772,0.12336864671425492,-0.7329711679355714
1610612750,2002-03,0.803597498795281,-0.2299883113530457,-0.7542837998443157,0.46147603775100415,1.3941529191641884,1.6550955156968687,0.3609117213921124,-0.21679687056248065,-0.49565887867030906,-0.48289149216338784,-0.38715658346282955
1610612751,2002-03,0.6457579476216455,-0.8183823205731384,-2.0831690795015274,1.134277323488763,0.07966755355344829,0.5241672993966973,0.5932959860893628,0.05603380223235226,0.3508754688581845,-0.8870649180818163,-0.40811504312784386
1610612740,2002-03,0.4813417484824419,-0.7530052084375701,-1.3173707827499133,0.503526118109614,-0.24895378784923697,0.039483778125193505,1.5228330448783625,-0.13884524976395696,0.5625090557403079,-1.1699863162247162,-1.005431143580765
1610612752,2002-03,-0.32100930331687066,-0.5568738720308747,-0.281290734203615,-0.2744003685246697,0.1266134594681176,0.20104495188236046,-0.6350208415961016,-0.4506517329580517,-0.14293623386677007,-0.48289149216338784,-0.6543769441917668
1610612753,2002-03,0.08016622258278579,-0.46970438918345236,-0.4840020480496282,-0.001074846193705124,-0.5775751292519222,-0.9298832644178111,0.028934200396040465,-0.8014340265514039,-0.14293623386677007,-0.5637261773470735,-0.05968065119697382
1610612755,2002-03,0.5602615240692597,-0.5786662427427287,-1.1822299068525712,0.545576198468224,-0.38979150559324494,-0.3644191562677253,0.8256802507866132,0.13398542303087596,0.3508754688581845,-0.8062302328981307,-0.3897763909209577
1610612756,2002-03,0.2445824217219894,-0.7094204670138621,-1.024565551639003,0.27225067613725945,-0.5775751292519222,-0.6067609169034772,0.7924824986870059,-1.1132405097454987,0.3508754688581845,-1.0487342884491877,-0.5155271489110437
1610612757,2002-03,0.7246777232084632,-0.360742535624176,-0.9795185930065547,0.566601238647529,-0.24895378784923697,0.6049478862752793,1.290448780181114,-0.4506517329580517,0.9857762295045547,-0.36163946438785927,-1.078785752408317
1610612758,2002-03,1.4481089994209584,-0.31715779420046486,-1.8128873277068398,1.3865778056404225,0.7838561422734871,1.089631407546783,-0.3362410726996387,-0.8793856473499276,-0.28402529178818564,-0.19997009402048788,0.5428750641722
1610612759,2002-03,1.5270287750077762,-0.4261196477597412,-1.7453168897581688,1.218377484205983,-1.3287096238866303,-0.8491026775392276,0.39410947349171965,-0.5286033537565711,1.2679543453473858,0.04253396153056922,-0.8115653916793798
1610612760,2002-03,-0.07767332859084969,-0.7530052084375701,-0.731760320528093,-0.04312492655231506,0.4552348008708018,0.20104495188236046,0.4937027297905412,-0.48962754335731357,-0.42511434970960127,-1.1295689736328733,-1.4115012995904255
1610612761,2002-03,-1.3601196818766368,-1.428568700505085,-0.05605594104137596,-1.3256523774899178,-0.9531423765692758,-1.3337861988107298,0.62649373818897,-0.8793856473499276,0.2803309398974767,-1.735829112510516,-0.9294567272950849
1610612762,2002-03,0.4813417484824419,-0.46970438918345236,-1.0696125102714515,0.545576198468224,-0.06117016419055968,2.0589984500897875,1.7884150616752201,-1.0742646993462368,2.1850332218365853,-0.11913540883680218,-0.9897122988320034
1610612764,2002-03,-0.32100930331687066,-0.9491365448442688,-0.731760320528093,-0.23235028816605977,-0.34284559967857564,-0.8491026775392276,0.19492296089407646,-0.5675791641558329,-0.3545698207488935,-1.0891516310410305,-1.335526883304749
1610612737,2003-04,-1.0444405795293659,-1.4721534419287963,-0.43895508941717976,-1.0102767748003434,-1.5164932475453077,-1.010663851296396,0.29451621719289806,-0.5675791641558329,1.6206769901509228,-1.0487342884491877,-0.49194888178790114
1610612738,2003-04,-0.3999290789036884,-1.1234755105391103,-0.8218542377929867,-0.3164504488832796,-1.3287096238866303,-0.6875415037820592,-0.6682185936957088,-1.6589018553351647,1.3384988743080917,-0.32122212179601645,-0.023003346783197827
1610612741,2003-04,-1.4456161054290222,-2.2348864168437306,-0.8443777171092126,-1.367702457848528,-0.8592505647399371,-0.20285798251055837,0.39410947349171965,-0.8404098369506658,1.3384988743080917,-2.1804198810207875,-0.3478594715909254
1610612739,2003-04,-0.4788488544905061,-1.1452678812509673,-0.6191429239469736,-0.5477258908556343,-0.24895378784923697,-0.0412968087533914,1.3568442843803283,-0.48962754335731357,0.49196452677960006,-1.6954117699186733,-0.7460702052262086
1610612742,2003-04,0.8825172743820987,0.9903844485108508,0.011514496907298305,0.9450519618750184,1.9575037901402192,0.6049478862752793,1.1908555238822924,-0.5675791641558329,-1.7654603999630474,-0.15955275142864503,0.01629376508870635
1610612743,2003-04,0.15908599816960353,-0.7530052084375701,-1.0020420723227774,0.20917555559934453,-0.6714669410812609,-0.3644191562677253,1.2572510280815068,-1.4250469929395935,0.7741426426224313,-0.9274822606736591,0.021533380004958996
1610612765,2003-04,1.0469334735213023,-1.2106449933865324,-2.69130302103957,1.3655527654611177,-0.8123046588252678,-0.2836385693891404,1.0912622675834707,-0.5675791641558329,1.0563207584652625,-1.1699863162247162,-1.3669645728022686
1610612744,2003-04,-0.32100930331687066,-0.9491365448442688,-0.731760320528093,-0.23235028816605977,-0.7184128469959302,-0.6067609169034772,0.42730722559132683,-0.2557726809617425,0.5625090557403079,-0.9274822606736591,-0.9451755720438465
1610612745,2003-04,0.32350219730880714,-1.3413992176576628,-1.8128873277068398,0.39840091721308923,-1.845114588947993,-0.9298832644178111,0.19492296089407646,0.28988866462792334,2.3261222797580006,-0.48289149216338784,-1.4769964860435965
1610612754,2003-04,1.6059485505945938,-0.7312128377257161,-2.173262996766421,1.3235026851025078,-0.20200788193456765,0.28182553876094535,0.6928892423881844,0.21193704382939965,0.6330535847010157,-0.8062302328981307,-1.5765491694524154
1610612746,2003-04,-1.0444405795293659,-0.8619670619968465,0.16917885212086306,-0.9892517346210385,-1.4695473416306384,-1.1722250250535629,2.087194830571685,-0.9183614577491895,1.6206769901509228,-1.1295689736328733,-0.5417252234923143
1610612747,2003-04,1.2047730246949377,-0.360742535624176,-1.2948473034336907,0.8609518011577985,0.8308020481881564,0.7665090600324462,0.460504977690934,0.017057991833090418,-0.49565887867030906,-0.7253955477144449,-0.3059425522608967
1610612763,2003-04,0.7246777232084632,-0.5350815013190175,-1.1371829482201228,0.545576198468224,0.07966755355344829,0.6049478862752793,0.8588780028862204,-1.7758292865329501,0.49196452677960006,-0.7253955477144449,-0.5129073414529192
1610612748,2003-04,0.08016622258278579,-1.1452678812509673,-1.2498003448012422,0.06200027434420978,-0.7653587529105995,-1.0914444381749795,0.2613184650932908,0.2509128542286615,0.0686973530153533,-1.2104036588165592,-1.3774438026347775
1610612749,2003-04,0.0012464469959680537,-0.27357305277675686,-0.5290490066820767,0.23020059577864954,0.6899643304441484,0.44338671251811235,0.29451621719289806,-0.4116759225587899,-0.6367479365917247,-0.48289149216338784,-0.3557188939653062
1610612750,2003-04,1.3626125758685725,-0.360742535624176,-1.6552229724932719,1.197352444026678,1.2533152014201803,1.008850820668198,0.12852745669486207,-0.37270011215952803,-0.9189260524345538,-0.48289149216338784,-1.1311819015708546
1610612751,2003-04,0.4813417484824419,-1.4939458126406504,-2.1282160381339725,0.545576198468224,0.5491266127001405,1.7358761025754537,-0.3362410726996387,0.4068160958257089,0.6330535847010157,-1.0083169458573449,-0.9399359571275939
1610612740,2003-04,0.0012464469959680537,-1.1234755105391103,-1.1822299068525712,0.019950193985599843,-0.6714669410812609,-0.4451997431463102,1.0912622675834707,-0.7624582161521422,0.7741426426224313,-1.4124903717757733,-1.0394886405364128
1610612752,2003-04,-0.15659310417766742,-1.3413992176576628,-1.024565551639003,-0.33747548906258457,-1.0939800943132838,-0.4451997431463102,0.2613184650932908,0.017057991833090418,1.197409816386678,-0.8870649180818163,-0.8561021184675329
1610612753,2003-04,-1.6034556566026579,-0.9709289155561228,0.6646953970777896,-1.5569278194622727,-0.6245210351665915,-1.4145667856893147,0.5269004818901484,-1.6978776657344263,-0.3545698207488935,-1.4529077143676161,-0.6334184845267524
1610612755,2003-04,-0.6432650536297094,-1.755454261182914,-1.2272768654850164,-0.5477258908556343,-1.3756555298012998,-0.6875415037820592,0.460504977690934,-0.7624582161521422,1.6912215191116307,-1.4124903717757733,-1.3879230324672829
1610612756,2003-04,-0.9589441559769804,-1.2106449933865324,-0.3713846514685087,-0.8000263730072938,-1.281763717971961,-1.3337861988107298,-0.07065905590278113,-1.541974424137379,0.6330535847010157,-1.0083169458573449,-0.21948890614271127
1610612757,2003-04,0.0012464469959680537,-0.8183823205731384,-0.5290490066820767,-0.3164504488832796,-0.38979150559324494,0.20104495188236046,1.4896352927787553,-1.1911921305440225,0.9152317005438468,-1.0083169458573449,-1.8385299152651
1610612758,2003-04,1.1258532491081201,0.5981217756974536,-0.5966194446307478,1.134277323488763,1.628882448737534,2.1397790369683727,-0.2366478164008171,-0.9573372681484513,-0.49565887867030906,0.5679594152245263,-0.08063911086198813
1610612759,2003-04,1.2836928002817547,-1.058098398403545,-2.871490855569364,1.6599033279713873,-0.7184128469959302,-0.5259803300248923,0.6596914902885772,0.36784028542644703,0.6330535847010157,-1.1699863162247162,-1.1338017090289791
1610612760,2003-04,-0.32100930331687066,-0.05564934565820421,0.12413189348841783,-0.16927516762814487,-0.20200788193456765,0.12026436500377842,0.09532970459525486,-1.7758292865329501,0.3508754688581845,0.0021166189387263694,-0.8430030811768994
1610612761,2003-04,-0.6432650536297094,-2.3002635289792956,-1.5876525345446009,-0.715926212290074,-0.9061964706546065,-0.8491026775392276,-0.9669983625921735,-1.0742646993462368,0.4214199978188923,-1.816663797694202,-1.6551433931962238
1610612762,2003-04,0.08016622258278579,-1.2760221055220977,-1.024565551639003,-0.2744003685246697,-1.5164932475453077,-0.5259803300248923,2.452370103667364,-0.37270011215952803,2.4672113376794162,-1.250821001408402,-1.6499037782799675
1610612764,2003-04,-1.281199906289819,-1.8862084854540444,-0.6641898825794188,-1.199502136414088,-2.2206818362653467,-1.9800308938394007,1.1244600196830778,-1.308119561741808,2.3261222797580006,-1.6145770847349876,-0.17233237189642625
1610612737,2004-05,-2.2413905092627675,-1.5375305540643613,0.709742355710238,-2.1456289444828114,-1.5164932475453077,-1.3337861988107298,0.8920757549858276,-0.1778210601632188,1.2679543453473858,-1.4529077143676161,-0.3845367760047014
1610612738,2004-05,0.32350219730880714,0.009727766477364053,-0.16867333762249548,0.16712547524073462,-0.6714669410812609,-0.0412968087533914,0.19492296089407646,-1.1522163201447606,0.8446871715831391,0.44670738744899774,0.013673957630578163
1610612766,2004-05,-1.8402149833631105,-1.3196068469458089,0.03403797622352093,-1.304627337310613,-0.15506197601989832,-0.3644191562677253,0.9252735070854348,-0.9573372681484513,0.0686973530153533,-1.735829112510516,-0.26664544038899257
1610612741,2004-05,0.4813417484824419,-1.1670602519628213,-1.5200820965959296,0.2932757163165644,-1.281763717971961,-0.4451997431463102,0.5932959860893628,-0.37270011215952803,1.7617660480723385,-0.9274822606736591,-0.3007029373446441
1610612739,2004-05,0.08016622258278579,-0.12102645779376939,-0.25876725488738916,0.12507539488212466,0.3613429890414642,0.28182553876094535,1.8216128137748273,-1.0352888889469751,-0.07239170490606228,-0.8870649180818163,-1.005431143580765
1610612742,2004-05,1.3626125758685725,0.5763294049855996,-0.731760320528093,1.239402524385288,-0.38979150559324494,-1.3337861988107298,0.6596914902885772,-1.0352888889469751,-0.7778369945131403,0.20420333189794063,-0.09897776306887428
1610612743,2004-05,0.6457579476216455,-0.25178068206489973,-0.731760320528093,0.46147603775100415,0.2674511772121256,0.8472896469110311,0.460504977690934,-0.8793856473499276,0.2803309398974767,-0.19997009402048788,0.032012609837468016
1610612765,2004-05,1.0469334735213023,-0.4261196477597412,-1.4074647000148102,0.9030018815164085,0.17355936538278693,0.20104495188236046,1.3568442843803283,-0.29474849136100434,0.0686973530153533,-0.8466475754899735,-1.563450132161782
1610612744,2004-05,-0.5577686300773239,-0.5350815013190175,-0.07857942035759859,-0.46362573013841446,0.4082888949561325,-0.2836385693891404,0.12852745669486207,-1.34709537214107,-0.7778369945131403,-1.1295689736328733,-0.028242961699450477
1610612745,2004-05,0.803597498795281,-0.31715779420046486,-1.2948473034336907,0.9030018815164085,-0.06117016419055968,-0.0412968087533914,0.06213195249564766,0.48476771662423257,-0.07239170490606228,-0.24038743661233072,-1.1469007463196126
1610612754,2004-05,0.2445824217219894,-0.46970438918345236,-0.7092368412118673,0.20917555559934453,-1.281763717971961,-1.4953473725678983,-0.10385680800238832,-0.5286033537565711,0.49196452677960006,-0.24038743661233072,-1.5320124426642623
1610612746,2004-05,-0.32100930331687066,-0.44791201847159834,-0.3038142135198376,-0.16927516762814487,-0.34284559967857564,0.7665090600324462,1.290448780181114,-0.5286033537565711,1.2679543453473858,-0.28080477920417357,-1.0211499883295267
1610612747,2004-05,-0.5577686300773239,0.11868962003664037,0.8448832316075802,-0.6738761319314641,-0.5775751292519222,-0.8491026775392276,0.8256802507866132,-0.8014340265514039,0.1392418819760611,-0.19997009402048788,-0.5810223353642148
1610612763,2004-05,0.32350219730880714,-0.360742535624176,-0.9795185930065547,0.566601238647529,-0.5306292233372529,-0.0412968087533914,0.29451621719289806,-1.4640228033388554,0.7035981136617234,-0.19997009402048788,-1.2857505416003356
1610612748,2004-05,1.4481089994209584,0.6634988878330219,-0.8218542377929867,1.4076028458197276,0.22050527129745626,0.12026436500377842,-0.07065905590278113,-0.09986943936469511,-0.42511434970960127,0.7700461281837405,-0.7408305903099522
1610612749,2004-05,-0.8800243803901626,-0.16461119921748052,0.5070310418642217,-0.6318260515728541,-0.108116070105229,-0.4451997431463102,0.7592847465873988,-0.5286033537565711,-0.28402529178818564,-0.5233088347552307,-0.6334184845267524
1610612750,2004-05,0.2445824217219894,0.1622743614603484,-0.1911968169387181,0.33532579667517437,1.1124774836761724,1.089631407546783,0.7260869944877916,-0.7234824057528803,-0.5662034076310168,-0.24038743661233072,-1.0918847896989505
1610612751,2004-05,0.08016622258278579,-1.2978144762339516,-0.9569951136903321,-0.3585005292418895,-0.108116070105229,0.12026436500377842,-0.037461303803173925,0.017057991833090418,0.1392418819760611,-1.1295689736328733,-1.086645174782698
1610612740,2004-05,-1.8402149833631105,-1.6682847783354917,0.011514496907298305,-1.6200029400001874,-0.5775751292519222,-0.2836385693891404,0.9916690112846491,-0.9963130785477132,0.8446871715831391,-1.8974984828778876,-1.463897448752963
1610612752,2004-05,-0.6432650536297094,-0.29536542348861083,0.3043197280182084,-0.5687509310349392,-0.7653587529105995,-0.8491026775392276,0.5600982339897556,-0.5675791641558329,0.3508754688581845,-0.36163946438785927,-0.6386580994430051
1610612753,2004-05,-0.3999290789036884,-0.5350815013190175,-0.03353246172515014,-0.48465077031771936,-1.6103850593746463,-1.7376891332036488,0.958471259185042,-0.7234824057528803,1.0563207584652625,-0.44247414957154496,0.41712430618211405
1610612755,2004-05,0.15908599816960353,-0.8837594327087036,-0.7542837998443157,-0.1482501274488399,-0.9531423765692758,-0.8491026775392276,-0.6018230894964944,0.0950096126316141,0.49196452677960006,-0.48289149216338784,0.5245364119653139
1610612756,2004-05,1.6848683261814117,1.4916089748835213,-0.03353246172515014,1.4706779663576426,0.7838561422734871,0.36260612563952743,0.16172520879446925,-1.7368534761336882,-0.9189260524345538,1.2550542392858501,0.7315012011573326
1610612757,2004-05,-1.1233603551161835,-0.8619670619968465,0.05656145553974355,-0.9051515739038186,-1.0470341883986145,-0.2836385693891404,1.0580645154838635,-1.9707083385292594,1.550132461190215,-0.6445608625307592,-0.9189774974625795
1610612758,2004-05,0.7246777232084632,0.6417065171211648,0.14665537280464044,0.48250107793030905,1.5349906369081963,1.008850820668198,0.5269004818901484,-1.308119561741808,-1.1305596393166772,0.04253396153056922,-0.009904309492564344
1610612759,2004-05,1.4481089994209584,0.0533125079010721,-1.8128873277068398,1.7440034886886073,0.1266134594681176,0.12026436500377842,0.7260869944877916,-0.13884524976395696,-0.14293623386677007,-0.24038743661233072,-1.2045365103984067
1610612760,2004-05,0.8825172743820987,0.9685920777989937,0.484507562547999,0.48250107793030905,-0.9531423765692758,-1.8184697200822337,1.9212060700736489,-0.7624582161521422,-0.14293623386677007,0.24462067448978347,-1.3931626473835392
1610612761,2004-05,-0.6432650536297094,-0.09923408708191225,0.3043197280182084,-0.37952556942119453,-0.014224258275890356,-0.7683220906606442,-1.0001961146917808,-0.7234824057528803,-0.9189260524345538,-0.03830072365311648,-0.1435144898570311
1610612762,2004-05,-1.2022801307030013,-0.6440433548782938,0.32684320733443106,-0.9261766140831237,-0.6245210351665915,0.36260612563952743,1.7220195574760055,-0.21679687056248065,1.4795879322295074,-0.7253955477144449,-1.188817665649645
1610612764,2004-05,0.32350219730880714,-0.09923408708191225,0.011514496907298305,-0.08517500691092499,-1.0000882824839452,-1.899250306960817,1.290448780181114,-1.308119561741808,-0.21348076282747785,-0.6849782051226021,0.06345029933498764
1610612737,2005-06,-1.2022801307030013,-0.2299883113530457,0.9575006281886997,-1.1154019756968683,-1.281763717971961,-1.1722250250535629,1.1576577717826853,-1.308119561741808,1.1268652874259701,-0.24038743661233072,-0.7355909753936996
1610612738,2005-06,-0.6432650536297094,-0.4043272770478872,-0.05605594104137596,-0.3164504488832796,-1.3287096238866303,-0.4451997431463102,-0.3362410726996387,-0.2557726809617425,1.6206769901509228,0.44670738744899774,-0.3373802417584201
1610612766,2005-06,-1.2022801307030013,-1.0145136569798339,-0.05605594104137596,-0.9261766140831237,-0.34284559967857564,-0.8491026775392276,0.19492296089407646,-0.8793856473499276,-0.28402529178818564,-1.250821001408402,0.003194727798069141
1610612741,2005-06,0.0012464469959680537,-0.5568738720308747,-0.7092368412118673,0.1461004350614296,-0.34284559967857564,-0.0412968087533914,0.12852745669486207,0.0950096126316141,0.3508754688581845,-0.5233088347552307,-0.2535464030983591
1610612739,2005-06,0.7246777232084632,0.1622743614603484,-0.32633769283606023,0.44045099757169914,-0.8123046588252678,-1.3337861988107298,0.460504977690934,0.64067095822128,-0.14293623386677007,-0.07871806624495933,-0.9923321062901316
1610612742,2005-06,1.5270287750077762,0.8814225949515746,-0.5966194446307478,1.4076028458197276,-1.0470341883986145,-1.899250306960817,1.5892285490775768,-0.4116759225587899,-0.21348076282747785,0.40629004485715486,-1.3774438026347775
1610612743,2005-06,0.2445824217219894,-0.31715779420046486,-0.3939081307847345,0.06200027434420978,0.17355936538278693,0.5241672993966973,0.028934200396040465,-0.7234824057528803,0.0686973530153533,-0.19997009402048788,0.08964837391625834
1610612765,2005-06,1.8427078773550472,0.7506683706804411,-0.9344716343741063,1.5968282074334723,2.708638284774928,1.5743149288182838,0.5932959860893628,-0.8014340265514039,-1.7654603999630474,-0.19997009402048788,-1.7232583871075196
1610612744,2005-06,-0.5577686300773239,-0.5132891306071635,-0.21372029625494074,-0.2954254087039746,-0.34284559967857564,-0.8491026775392276,-0.10385680800238832,-0.5675791641558329,-0.3545698207488935,-0.7658128903062877,-0.03348257661570313
1610612745,2005-06,-0.5577686300773239,-1.1888526226746754,-0.8443777171092126,-0.3585005292418895,-1.0470341883986145,-0.9298832644178111,-0.2698455685004243,0.1729612334301378,0.6330535847010157,-0.8466475754899735,-1.4376993741716961
1610612754,2005-06,0.0012464469959680537,-0.6004586134545857,-1.0921359895876743,0.41942595739239424,-1.140926000227953,-0.7683220906606442,0.16172520879446925,-0.06089362896543327,1.0563207584652625,-0.28080477920417357,-0.9713736466251173
1610612746,2005-06,0.4813417484824419,-0.44791201847159834,-0.8218542377929867,0.33532579667517437,-0.4836833174225836,-0.3644191562677253,-0.4358343289984603,0.7186225790198036,0.0686973530153533,0.0021166189387263694,-0.41073485058597203
1610612747,2005-06,0.32350219730880714,0.20585910288405956,-0.3713846514685087,0.545576198468224,-0.108116070105229,-0.3644191562677253,0.5600982339897556,0.017057991833090418,-0.21348076282747785,-0.03830072365311648,-0.6124600248617381
1610612763,2005-06,0.6457579476216455,-0.29536542348861083,-1.2272768654850164,0.8609518011577985,-0.6714669410812609,-0.6875415037820592,-0.037461303803173925,-0.4116759225587899,0.2803309398974767,-0.11913540883680218,-1.8778270271370043
1610612748,2005-06,0.8825172743820987,0.358405697867047,-0.5515724859982993,0.8609518011577985,-0.5306292233372529,-0.4451997431463102,-0.07065905590278113,0.9914532518146365,0.2097864109367689,0.648794100408212,-0.5233865712854245
1610612749,2005-06,-0.07767332859084969,-0.20819594064118857,0.011514496907298305,-0.21132524798675478,-0.2958996937639063,-0.12207739563197345,0.32771396929250524,0.48476771662423257,0.2803309398974767,-0.19997009402048788,-0.5522044533248196
1610612750,2005-06,-0.6432650536297094,-0.9491365448442688,-0.5290490066820767,-0.4215756497798045,-0.4836833174225836,-0.0412968087533914,-0.10385680800238832,-1.0742646993462368,0.49196452677960006,-0.6445608625307592,-1.3040891938072257
1610612751,2005-06,0.6457579476216455,-0.7530052084375701,-1.1146594689038969,0.31430075649586936,0.6430184245294791,1.008850820668198,-0.8342073541937448,1.147356493411684,-0.28402529178818564,-0.48289149216338784,-0.8875398079650563
1610612740,2005-06,-0.24208952773005293,-0.7747975791494273,-0.16867333762249548,-0.5897759712142442,-0.7184128469959302,-1.4953473725678983,-0.07065905590278113,0.3288644750271852,-0.42511434970960127,-1.0083169458573449,-1.1102234419058403
1610612752,2005-06,-1.4456161054290222,-0.6876280963020049,0.7773127936589092,-1.3887274980278328,-2.5023572717533624,-2.2223726544751523,1.4232397885795427,-0.13884524976395696,2.608300395600832,-0.24038743661233072,-0.6622363665661476
1610612753,2005-06,-0.3999290789036884,-0.12102645779376939,0.16917885212086306,-0.2744003685246697,-1.563439153459977,-1.5761279594464819,1.0248667633842563,-0.37270011215952803,1.0563207584652625,0.12336864671425492,-1.424600336881059
1610612755,2005-06,-0.24208952773005293,-0.25178068206489973,0.14665537280464044,-0.37952556942119453,-0.5306292233372529,-0.9298832644178111,-0.4690320810980675,-0.9573372681484513,-0.28402529178818564,-0.07871806624495933,-0.1697125644383018
1610612756,2005-06,1.0469334735213023,0.9467997070871397,-0.25876725488738916,1.134277323488763,2.1452874137988966,2.0589984500897875,-1.4317668919866744,-0.4116759225587899,-1.271648697238093,1.1338022115103217,0.6188494804578801
1610612757,2005-06,-1.6034556566026579,-1.3413992176576628,1.0025475868211482,-2.2507541453793363,-1.422601435715969,-1.4953473725678983,0.29451621719289806,-1.6978776657344263,0.8446871715831391,-1.1699863162247162,-1.4874757158761056
1610612758,2005-06,0.2445824217219894,-0.12102645779376939,-0.5290490066820767,0.3773758770337843,-0.108116070105229,0.28182553876094535,-0.3362410726996387,-0.2557726809617425,0.2097864109367689,0.16378598930609778,-0.34000004921654453
1610612759,2005-06,1.7637881017682293,0.07510487861292922,-1.6101760138608234,1.5758031672541675,-0.108116070105229,0.039483778125193505,-0.3362410726996387,0.28988866462792334,-0.0018471759453544837,0.24462067448978347,-1.3486259205953823
1610612760,2005-06,-0.4788488544905061,0.7724607413922983,1.5431110904105232,-0.694901172110769,-0.6714669410812609,-0.7683220906606442,1.3568442843803283,-1.6199260449359028,0.2803309398974767,0.44670738744899774,-0.3976358132953349
1610612761,2005-06,-1.1233603551161835,0.4455751807144693,1.2052589006671646,-0.6738761319314641,-0.24895378784923697,-1.1722250250535629,-0.4358343289984603,-0.13884524976395696,-0.9894705813952617,0.32545535967346917,-0.583642142822343
1610612762,2005-06,0.0012464469959680537,-0.7530052084375701,-0.16867333762249548,-0.5687509310349392,-0.8123046588252678,-0.0412968087533914,1.8880083179740417,0.05603380223235226,1.4795879322295074,-0.8466475754899735,-1.3512457280535068
1610612764,2005-06,0.08016622258278579,0.4019904392907582,-0.011008982408927519,0.39840091721308923,-1.0000882824839452,-1.9800308938394007,0.9916690112846491,-0.8404098369506658,-0.3545698207488935,-0.07871806624495933,-0.22996813597521656
1610612737,2006-07,-0.8800243803901626,-0.8401746912849924,0.25927276938575994,-1.0733518953382584,-1.6103850593746463,-1.3337861988107298,0.958471259185042,-0.9573372681484513,1.4090434032687995,-0.6849782051226021,-0.9373161496694657
1610612738,2006-07,-1.3601196818766368,-0.7747975791494273,-0.011008982408927519,-0.736951252469379,-1.563439153459977,-1.0914444381749795,0.32771396929250524,0.1729612334301378,1.6206769901509228,-0.40205680697970214,-0.4316933102509864
1610612766,2006-07,-0.6432650536297094,-0.7530052084375701,0.101608414172192,-0.8210514131865988,-0.20200788193456765,0.12026436500377842,-0.004263551703566731,-0.7234824057528803,0.3508754688581845,-0.6445608625307592,-0.37929716108844874
1610612741,2006-07,0.6457579476216455,-0.4043272770478872,-1.5876525345446009,1.0922272431301532,-0.6714669410812609,0.039483778125193505,0.6596914902885772,0.2509128542286615,1.0563207584652625,-0.24038743661233072,-0.023003346783197827
1610612739,2006-07,0.7246777232084632,-0.31715779420046486,-1.1822299068525712,0.7978766806198835,-0.4367374115079143,-0.6067609169034772,0.9252735070854348,0.7965741998183273,0.1392418819760611,-0.7253955477144449,-0.7775078947237283
1610612742,2006-07,2.0860438520810676,0.8378378535278634,-0.8443777171092126,1.5968282074334723,-0.5306292233372529,-0.7683220906606442,0.6928892423881844,0.7186225790198036,-0.07239170490606228,0.7700461281837405,-1.0159103734132704
1610612743,2006-07,0.32350219730880714,0.18406673217220554,-0.16867333762249548,0.3563508368544793,-0.5775751292519222,0.12026436500377842,0.7592847465873988,-0.8793856473499276,0.9857762295045547,0.32545535967346917,0.9541848350981167
1610612765,2006-07,0.9614370499689164,0.336613327155193,-0.731760320528093,1.0081270824129334,1.065531577761503,0.28182553876094535,0.2613184650932908,-0.8793856473499276,-1.1305596393166772,-0.19997009402048788,-1.5713095545361628
1610612744,2006-07,0.08016622258278579,0.07510487861292922,0.14665537280464044,-0.06414996673162002,-0.24895378784923697,0.28182553876094535,-0.4690320810980675,-1.5029986137381173,0.4214199978188923,0.32545535967346917,1.4178907551865674
1610612745,2006-07,0.8825172743820987,-0.25178068206489973,-1.3849412206985843,1.0291521225922384,-0.34284559967857564,-0.3644191562677253,-0.40263657689885307,0.9524774414153747,-0.0018471759453544837,0.0021166189387263694,-0.7486900126843331
1610612754,2006-07,-0.4788488544905061,-0.8619670619968465,-0.32633769283606023,-0.5267008506763293,-1.3287096238866303,-0.8491026775392276,0.7260869944877916,-0.2557726809617425,1.4090434032687995,-0.6849782051226021,-0.2954633224283877
1610612746,2006-07,-0.07767332859084969,-0.44791201847159834,-0.3713846514685087,-0.08517500691092499,-0.5775751292519222,0.039483778125193505,0.2613184650932908,0.4457919062249707,0.7741426426224313,-0.11913540883680218,-0.6910542486055428
1610612747,2006-07,0.08016622258278579,0.31482095644333585,0.37189016596687946,-0.04312492655231506,-0.4367374115079143,0.12026436500377842,0.028934200396040465,-0.4116759225587899,0.5625090557403079,0.5679594152245263,0.005814535256197327
1610612763,2006-07,-1.52453588101584,-0.03385697494634709,1.1376884627184936,-1.0943769355175634,-1.3756555298012998,-0.8491026775392276,-0.2698455685004243,-0.7234824057528803,1.197409816386678,0.6083767578163691,0.0555908769606068
1610612748,2006-07,0.2445824217219894,-0.5350815013190175,-0.281290734203615,-0.2533753283453647,-0.6714669410812609,-0.2836385693891404,-0.6682185936957088,-0.29474849136100434,0.49196452677960006,0.04253396153056922,-1.0342490256201602
1610612749,2006-07,-1.0444405795293659,0.031520137189218075,1.0025475868211482,-0.9051515739038186,-0.5306292233372529,-0.20285798251055837,0.22812071299368364,-1.6978776657344263,0.5625090557403079,0.04253396153056922,-0.3216613970096584
1610612750,2006-07,-0.7221848292165272,-0.7530052084375701,0.14665537280464044,-0.8420764533659038,-0.4367374115079143,0.44338671251811235,-0.2366478164008171,-0.09986943936469511,0.9152317005438468,-0.11913540883680218,-0.620319447236119
1610612751,2006-07,0.0012464469959680537,-0.360742535624176,-0.16867333762249548,-0.19030020780744983,0.3613429890414642,1.25119258130395,-0.8010096020941376,0.5237435270234944,0.3508754688581845,0.24462067448978347,-0.4893290743297767
1610612740,2006-07,-0.15659310417766742,-0.46970438918345236,-0.10110289967382122,-0.33747548906258457,-1.1878719061426224,-1.6569085463250652,0.62649373818897,0.7186225790198036,0.2803309398974767,-0.8062302328981307,-0.8823001930488036
1610612752,2006-07,-0.6432650536297094,-0.338950164912322,0.34936668665065684,-0.6528510917521592,-2.1267900244360076,-1.8184697200822337,1.2572510280815068,0.5237435270234944,2.1144886928758773,-0.03830072365311648,-0.6989136709799236
1610612753,2006-07,-0.07767332859084969,-0.38253490633603315,-0.5740959653145251,0.16712547524073462,-2.0798441185213385,-1.4953473725678983,1.1244600196830778,-0.13884524976395696,2.3261222797580006,0.16378598930609778,-1.0525876778270462
1610612755,2006-07,-0.4788488544905061,-0.7530052084375701,-0.05605594104137596,-0.6738761319314641,-1.0000882824839452,-0.6875415037820592,0.22812071299368364,-0.8793856473499276,0.8446871715831391,-0.40205680697970214,-0.7120127082705571
1610612756,2006-07,1.6059485505945938,1.5351937163072324,-0.07857942035759859,1.5547781270748626,1.1124774836761724,1.8974372763326206,-1.232580379389031,-0.6845065953536185,-0.28402529178818564,2.0229837485308644,0.4957185299259187
1610612757,2006-07,-0.7221848292165272,-0.44791201847159834,0.6196484384453411,-1.0102767748003434,-1.5164932475453077,-1.5761279594464819,0.8920757549858276,-0.13884524976395696,0.9152317005438468,-0.40205680697970214,-1.361724957886016
1610612758,2006-07,-0.6432650536297094,-0.16461119921748052,0.1917023314370889,-0.33747548906258457,-0.7184128469959302,-0.9298832644178111,-1.0665916188909952,-0.3337243017602662,-0.14293623386677007,0.20420333189794063,0.33329046752205305
1610612759,2006-07,1.3626125758685725,0.5981217756974536,-1.4525116586472555,1.9332288503023516,0.2674511772121256,0.6857284731538642,-0.6682185936957088,0.5627193374227563,-0.0018471759453544837,0.8508808133674262,-1.1364215164871072
1610612760,2006-07,-0.8011046048033449,0.009727766477364053,0.6872188763940155,-0.6318260515728541,-0.9531423765692758,-0.6067609169034772,0.42730722559132683,-0.9573372681484513,0.8446871715831391,0.16378598930609778,-0.4290735027928582
1610612761,2006-07,0.4813417484824419,-0.03385697494634709,-0.32633769283606023,0.2512256359579545,0.5021807067854711,0.44338671251811235,-1.6309534045843175,0.4068160958257089,-0.7072924655524324,0.40629004485715486,-0.18281160172893526
1610612762,2006-07,0.803597498795281,0.5981217756974536,-0.05605594104137596,0.6296763591854438,0.17355936538278693,1.25119258130395,1.755217309575613,0.7965741998183273,0.9857762295045547,0.44670738744899774,-0.45789138483225333
1610612764,2006-07,0.0012464469959680537,0.6199141464093108,0.7322658350264607,-0.08517500691092499,-0.34284559967857564,-1.1722250250535629,0.42730722559132683,-0.8793856473499276,-0.6367479365917247,0.08295130412241207,0.20230009461571077
1610612737,2007-08,-0.32100930331687066,-0.07744171637005824,0.32684320733443106,-0.37952556942119453,-0.2958996937639063,0.039483778125193505,0.9916690112846491,-0.7234824057528803,0.49196452677960006,-0.19997009402048788,-0.5784025279060904
1610612738,2007-08,2.0071240764942506,0.6417065171211648,-1.7453168897581688,2.2696294931712315,-0.34284559967857564,0.5241672993966973,0.22812071299368364,0.2509128542286615,0.7741426426224313,1.1742195541021645,-0.7015334784380518
1610612766,2007-08,-0.7221848292165272,-0.46970438918345236,0.5295545211804474,-0.9472016542624285,-0.4367374115079143,-0.2836385693891404,-0.17025231220160272,-1.0352888889469751,0.2803309398974767,-0.32122212179601645,-0.473610229581015
1610612741,2007-08,-0.6432650536297094,-0.6440433548782938,0.03403797622352093,-0.6528510917521592,-0.15506197601989832,-0.20285798251055837,0.8588780028862204,-0.5286033537565711,0.0686973530153533,-1.0083169458573449,-0.13565506748265027
1610612739,2007-08,0.32350219730880714,-0.2299883113530457,-0.10110289967382122,-0.12722508726953494,-0.5306292233372529,-1.010663851296396,1.1576577717826853,0.5627193374227563,-0.07239170490606228,-0.8062302328981307,-0.9163576900044513
1610612742,2007-08,0.803597498795281,0.7942531121041523,-0.25876725488738916,1.0081270824129334,0.5491266127001405,-0.20285798251055837,0.028934200396040465,0.601695147822018,-1.0600151103559694,0.5679594152245263,-0.8325238513443941
1610612743,2007-08,0.7246777232084632,0.6634988878330219,-0.07857942035759859,0.7137765199026637,0.6430184245294791,0.6049478862752793,-0.2366478164008171,-0.5675791641558329,-0.6367479365917247,0.6892114430000548,1.5776990101323047
1610612765,2007-08,1.4481089994209584,0.8596302242397175,-0.9795185930065547,1.7440034886886073,1.7697201664815418,0.6857284731538642,0.9252735070854348,-0.021917818566171428,-1.553826813080924,-0.03830072365311648,-1.5765491694524154
1610612744,2007-08,0.5602615240692597,0.9903844485108508,0.5971249591291186,0.39840091721308923,0.6899643304441484,-0.5259803300248923,0.06213195249564766,-1.1132405097454987,-1.553826813080924,0.32545535967346917,1.4152709477284393
1610612745,2007-08,1.1258532491081201,-0.09923408708191225,-1.2047533861687938,1.0081270824129334,0.07966755355344829,-0.12207739563197345,0.7924824986870059,0.4068160958257089,-0.21348076282747785,-0.48289149216338784,-0.8220446215118851
1610612754,2007-08,-0.3999290789036884,-0.16461119921748052,0.101608414172192,-0.2533753283453647,-0.15506197601989832,-0.0412968087533914,-0.701416345795316,0.017057991833090418,-0.07239170490606228,0.0021166189387263694,1.0694563632556973
1610612746,2007-08,-1.4456161054290222,-1.2978144762339516,0.34936668665065684,-1.5779528596415775,-0.34284559967857564,-0.20285798251055837,-1.0665916188909952,0.0950096126316141,-0.0018471759453544837,-0.8466475754899735,-0.3085623597190249
1610612747,2007-08,1.2836928002817547,1.2736852677649686,-0.34886117215228607,1.5337530868955573,0.8777479541028258,0.9280702337896161,-0.07065905590278113,0.05603380223235226,-0.5662034076310168,1.2146368966940073,0.5612137163790898
1610612763,2007-08,-1.52453588101584,-0.4261196477597412,0.9800241075049255,-1.3256523774899178,-1.3287096238866303,-1.6569085463250652,-0.7346140978949232,0.21193704382939965,0.2803309398974767,-0.03830072365311648,0.46428084042839535
1610612748,2007-08,-2.083550958089132,-1.406776329793228,0.6646953970777896,-1.977428623048372,-0.8123046588252678,-0.5259803300248923,-1.1661848751898167,-0.7624582161521422,0.4214199978188923,-0.7253955477144449,-0.86920115575817
1610612749,2007-08,-1.2022801307030013,-0.4261196477597412,1.1827354213509387,-1.5148777391036627,-0.4367374115079143,-0.3644191562677253,1.0912622675834707,-0.2557726809617425,0.3508754688581845,-0.7253955477144449,-0.510287533994791
1610612750,2007-08,-1.52453588101584,-0.6876280963020049,0.9349771488724771,-1.5359027792829676,-0.8123046588252678,-1.0914444381749795,0.4937027297905412,0.0950096126316141,0.2097864109367689,-0.8870649180818163,-0.4500319624578725
1610612751,2007-08,-0.5577686300773239,-0.7747975791494273,0.4169371245993279,-1.1364270158761733,0.1266134594681176,0.8472896469110311,0.028934200396040465,0.21193704382939965,0.49196452677960006,-0.48289149216338784,-0.4185942729603529
1610612740,2007-08,1.2047730246949377,0.9032149656634286,-0.32633769283606023,1.176327403847373,1.347207013249519,0.20104495188236046,0.028934200396040465,0.64067095822128,-1.624371342041632,0.32545535967346917,-0.921597304920704
1610612752,2007-08,-1.4456161054290222,-0.5132891306071635,1.0250710661373739,-1.4307775783864427,-1.1878719061426224,-1.8184697200822337,0.7260869944877916,-0.13884524976395696,0.1392418819760611,-0.8870649180818163,-0.47099042212288683
1610612753,2007-08,0.8825172743820987,0.9903844485108508,-0.21372029625494074,1.176327403847373,-0.4367374115079143,-0.4451997431463102,-0.8342073541937448,0.3288644750271852,-0.14293623386677007,1.4167236096532216,-0.14089468239890662
1610612755,2007-08,-0.07767332859084969,-0.16461119921748052,-0.25876725488738916,0.10405035470281972,-0.5306292233372529,-0.8491026775392276,1.7220195574760055,-0.48962754335731357,0.2097864109367689,-0.7253955477144449,-0.785367317098109
1610612756,2007-08,1.1258532491081201,1.339062379900534,0.25927276938575994,1.0501771627715433,1.4410988250788577,2.2205596238469547,-1.531360148285496,-1.0352888889469751,-0.42511434970960127,2.0229837485308644,0.8284340771080271
1610612757,2007-08,0.0012464469959680537,0.009727766477364053,0.2142258107533115,-0.16927516762814487,0.4552348008708018,0.039483778125193505,0.12852745669486207,-0.6455307849543566,-0.7072924655524324,-0.32122212179601645,-1.4298399517973153
1610612758,2007-08,-0.24208952773005293,0.07510487861292922,0.6196484384453411,-0.5056758104970244,-1.6573309652893156,-1.6569085463250652,-0.3030433206000315,-0.4506517329580517,0.9152317005438468,0.648794100408212,0.3280508526058004
1610612759,2007-08,1.2047730246949377,0.031520137189218075,-1.1597064275363453,1.113252283309458,0.5491266127001405,0.12026436500377842,-1.033393866791388,1.2642839246094695,-0.9189260524345538,0.12336864671425492,-1.2674118893934496
1610612760,2007-08,-1.6823754321894755,-1.36319158836952,0.5520780004966701,-1.809228301613932,-1.0000882824839452,-0.8491026775392276,0.19492296089407646,-0.021917818566171428,0.7035981136617234,-1.250821001408402,0.7236417787829518
1610612761,2007-08,0.0012464469959680537,0.6634988878330219,-0.05605594104137596,0.6927514797233587,2.333071037457574,1.412753755061117,-1.0001961146917808,0.3288644750271852,-1.8360049289237552,0.44670738744899774,-0.840383273718775
1610612762,2007-08,1.0469334735213023,1.3608547506123878,-0.21372029625494074,1.5127280467162525,1.206369295505511,2.1397790369683727,0.9252735070854348,0.36784028542644703,0.0686973530153533,1.335888924469536,0.021533380004958996
1610612764,2007-08,0.15908599816960353,0.38019806857890104,0.46198408323177637,-0.06414996673162002,-0.24895378784923697,-1.0914444381749795,0.6928892423881844,-0.21679687056248065,-0.6367479365917247,-0.19997009402048788,-0.9713736466251173
1610612737,2008-09,0.4813417484824419,0.5327446635618885,0.1917023314370889,0.3563508368544793,0.17355936538278693,-0.4451997431463102,-0.13705456010199552,-0.7234824057528803,-0.848381523473848,0.24462067448978347,-1.078785752408317
1610612738,2008-09,1.6848683261814117,0.7942531121041523,-0.9569951136903321,1.6599033279713873,-0.4367374115079143,0.6857284731538642,0.4937027297905412,0.5627193374227563,1.1268652874259701,1.2550542392858501,-0.8927794228813088
1610612766,2008-09,-0.4788488544905061,-0.46970438918345236,-0.1911968169387181,-0.2744003685246697,-0.8592505647399371,0.039483778125193505,0.7260869944877916,-0.5675791641558329,1.4090434032687995,-0.15955275142864503,-1.4088814921322972
1610612741,2008-09,0.0012464469959680537,0.2930285857314818,0.37189016596687946,-0.06414996673162002,-0.4367374115079143,-0.6875415037820592,0.7260869944877916,-0.9963130785477132,-0.0018471759453544837,0.04253396153056922,-0.11993622273389232
1610612739,2008-09,2.0071240764942506,1.1647234142056924,-0.9569951136903321,2.0173290110195716,0.22050527129745626,-0.4451997431463102,0.22812071299368364,0.2509128542286615,-0.848381523473848,0.8104634707755833,-1.2962297714328448
1610612742,2008-09,0.7246777232084632,0.6852912585448759,0.25927276938575994,0.41942595739239424,0.7838561422734871,0.039483778125193505,-0.07065905590278113,0.2509128542286615,-1.201104168277385,0.40629004485715486,-0.49194888178790114
1610612743,2008-09,1.0469334735213023,0.6852912585448759,-0.05605594104137596,0.7137765199026637,-0.4367374115079143,-0.0412968087533914,0.39410947349171965,-0.6845065953536185,0.49196452677960006,0.9317154985511075,0.21801893936447245
1610612765,2008-09,-0.15659310417766742,-0.012064604234493069,0.12413189348841783,-0.12722508726953494,0.9246938600174951,-0.20285798251055837,0.39410947349171965,0.4068160958257089,-1.4127377551595084,-0.6445608625307592,-1.7127791572750142
1610612744,2008-09,-0.9589441559769804,0.4673675514263233,1.317876297248284,-0.7790013328279889,-0.5775751292519222,-1.2530056119321464,-0.2034500643012099,-1.8927567177307356,-0.49565887867030906,0.36587270226531204,1.313098456861492
1610612745,2008-09,0.9614370499689164,0.27123621501962475,-0.6641898825794188,0.8819768413371035,-0.4836833174225836,-0.6067609169034772,0.29451621719289806,0.5237435270234944,0.0686973530153533,0.32545535967346917,-0.8718209632162945
1610612754,2008-09,-0.3999290789036884,0.2930285857314818,0.5295545211804474,-0.21132524798675478,-0.24895378784923697,-0.5259803300248923,-0.2698455685004243,0.2509128542286615,-0.3545698207488935,0.20420333189794063,0.7288813936992081
1610612746,2008-09,-1.761295207776293,-1.058098398403545,0.9575006281886997,-1.9353785426897618,-0.6245210351665915,-0.4451997431463102,-0.40263657689885307,-0.8404098369506658,0.3508754688581845,-0.8062302328981307,-0.32952081938403927
1610612747,2008-09,1.928204300907433,1.2083081556294035,-0.5290490066820767,1.6599033279713873,0.8777479541028258,0.28182553876094535,0.8920757549858276,-0.09986943936469511,-0.9189260524345538,0.6083767578163691,0.24421701394573941
1610612763,2008-09,-1.3601196818766368,-0.7747975791494273,0.5295545211804474,-1.262577256952003,-1.8920604948626623,-2.2223726544751523,-0.07065905590278113,-0.13884524976395696,0.9152317005438468,-0.28080477920417357,-0.8744407706744227
1610612748,2008-09,0.15908599816960353,0.20585910288405956,0.14665537280464044,0.06200027434420978,0.4082888949561325,-0.5259803300248923,-0.568625337396889,-0.29474849136100434,-1.201104168277385,0.0021166189387263694,-0.9844726839157507
1610612749,2008-09,-0.5577686300773239,-0.1428188285056234,0.101608414172192,-0.23235028816605977,0.07966755355344829,-0.12207739563197345,0.3609117213921124,-0.06089362896543327,-0.28402529178818564,-0.36163946438785927,-0.17495217935455445
1610612750,2008-09,-1.3601196818766368,-0.20819594064118857,0.9124536695562544,-1.0523268551589533,-0.4836833174225836,-0.8491026775392276,0.7260869944877916,0.64067095822128,-0.07239170490606228,-0.5637261773470735,-0.47099042212288683
1610612751,2008-09,-0.5577686300773239,0.20585910288405956,0.8223597522913576,-0.5687509310349392,-0.108116070105229,-0.7683220906606442,-0.3694388247992459,0.0950096126316141,-0.7072924655524324,0.12336864671425492,-0.9006388452556897
1610612740,2008-09,0.6457579476216455,0.38019806857890104,-0.011008982408927519,0.3773758770337843,0.07966755355344829,-0.5259803300248923,-0.568625337396889,0.2509128542286615,-0.848381523473848,0.32545535967346917,-1.5241530202898816
1610612752,2008-09,-0.7221848292165272,0.2494438443077707,0.7998362729751349,-0.5267008506763293,-0.2958996937639063,-0.7683220906606442,-0.7346140978949232,-0.1778210601632188,-0.49565887867030906,0.16378598930609778,0.8546321516892941
1610612760,2008-09,-1.4456161054290222,-0.9709289155561228,0.39441364528310213,-1.304627337310613,-1.3756555298012998,-1.0914444381749795,0.32771396929250524,0.601695147822018,1.197409816386678,-0.7658128903062877,0.14204452307879226
1610612753,2008-09,1.4481089994209584,0.5327446635618885,-1.024565551639003,1.4917030065369474,-0.7184128469959302,-1.0914444381749795,-0.867405106293352,0.64067095822128,-0.28402529178818564,0.7700461281837405,-0.41073485058597203
1610612755,2008-09,0.0012464469959680537,0.09689724932478325,0.05656145553974355,0.04097523416490481,-0.5775751292519222,-0.9298832644178111,1.4232397885795427,-0.8014340265514039,0.0686973530153533,-0.32122212179601645,-0.8534823110094084
1610612756,2008-09,0.40242197289562487,1.4262318627479562,1.0250710661373739,0.41942595739239424,-0.2958996937639063,0.36260612563952743,0.29451621719289806,-0.7234824057528803,0.5625090557403079,1.7804796929798072,0.6371881326647663
1610612757,2008-09,1.0469334735213023,1.3608547506123878,0.05656145553974355,1.2604275645645928,0.17355936538278693,-0.4451997431463102,1.8548105658744345,0.28988866462792334,-0.5662034076310168,0.5275420726326834,-1.7127791572750142
1610612758,2008-09,-1.9257114069154966,-0.31715779420046486,1.700775445624091,-1.893328462331152,-1.2348178120572917,-1.3337861988107298,-0.3362410726996387,-1.2301679409432842,0.49196452677960006,0.08295130412241207,0.19182086478320548
1610612759,2008-09,1.0469334735213023,0.38019806857890104,-0.5515724859982993,0.8819768413371035,1.206369295505511,0.28182553876094535,-1.36537138778746,1.5371145974043023,-1.624371342041632,0.32545535967346917,-1.4062616846741727
1610612761,2008-09,-0.6432650536297094,-0.07744171637005824,0.6196484384453411,-0.6318260515728541,0.5960725186148098,0.44338671251811235,-0.7678118499945304,0.21193704382939965,-0.7072924655524324,0.08295130412241207,-0.34000004921654453
1610612762,2008-09,0.5602615240692597,0.5763294049855996,-0.011008982408927519,0.566601238647529,0.5960725186148098,1.170411994425365,0.5600982339897556,-0.29474849136100434,0.1392418819760611,0.5679594152245263,-0.023003346783197827
1610612764,2008-09,-1.761295207776293,-0.4043272770478872,1.4079702145131778,-1.7041031007174072,-0.5306292233372529,-0.9298832644178111,0.460504977690934,-0.4506517329580517,-0.14293623386677007,-0.6445608625307592,-0.6019807950292291
1610612737,2009-10,0.9614370499689164,1.1211386727819812,0.03403797622352093,1.0291521225922384,1.347207013249519,0.12026436500377842,0.6928892423881844,-0.6065549745550948,-1.624371342041632,0.20420333189794063,-0.9923321062901316
1610612738,2009-10,0.7246777232084632,0.22765147359591667,-0.5966194446307478,0.7768516404405786,0.17355936538278693,1.25119258130395,-0.8342073541937448,-0.13884524976395696,0.49196452677960006,0.9721328411429503,-0.6124600248617381
1610612766,2009-10,0.2445824217219894,-0.4261196477597412,-0.8669011964254352,0.39840091721308923,-1.1878719061426224,-0.6875415037820592,0.5269004818901484,-0.09986943936469511,1.3384988743080917,-0.07871806624495933,-0.9556548018763555
1610612741,2009-10,0.0012464469959680537,-0.7094204670138621,-0.3713846514685087,-0.33747548906258457,-0.4367374115079143,-0.7683220906606442,0.12852745669486207,0.3288644750271852,-0.14293623386677007,-0.8062302328981307,-0.14089468239890662
1610612739,2009-10,1.6059485505945938,1.0339691899345589,-0.4614785687334056,1.4286278859990327,0.31439708312679493,0.6049478862752793,-0.2034500643012099,0.9524774414153747,-0.21348076282747785,1.2146368966940073,-0.730351360477447
1610612742,2009-10,1.1258532491081201,0.4237828100026122,-0.1911968169387181,0.5876262788268338,1.2533152014201803,0.8472896469110311,-0.6682185936957088,-0.13884524976395696,-1.1305596393166772,0.48712473004084056,-0.2509265956402346
1610612743,2009-10,0.9614370499689164,1.07755393135827,0.14665537280464044,0.9240269216957135,-0.15506197601989832,-0.6875415037820592,0.16172520879446925,-0.5286033537565711,-0.6367479365917247,0.8508808133674262,0.27565470344326276
1610612765,2009-10,-1.1233603551161835,-0.29536542348861083,1.0025475868211482,-1.2415522167726982,-0.4367374115079143,-1.1722250250535629,1.5560307969779696,-0.13884524976395696,-0.28402529178818564,-1.0083169458573449,-1.335526883304749
1610612744,2009-10,-1.2022801307030013,0.2494438443077707,1.0025475868211482,-0.694901172110769,-0.06117016419055968,-0.3644191562677253,-1.4981623961858888,-1.6199260449359028,-0.6367479365917247,0.6892114430000548,1.8239609111962278
1610612745,2009-10,0.08016622258278579,0.20585910288405956,0.2142258107533115,-0.001074846193705124,-0.15506197601989832,-0.3644191562677253,0.32771396929250524,-0.06089362896543327,-0.14293623386677007,-0.11913540883680218,0.0922681813743828
1610612754,2009-10,-0.7221848292165272,-0.6222509841664398,0.03403797622352093,-0.6318260515728541,-0.6714669410812609,-0.6875415037820592,-1.4649646440862816,-0.4116759225587899,0.0686973530153533,-0.15955275142864503,0.8415331143986605
1610612746,2009-10,-0.9589441559769804,-0.7747975791494273,0.7322658350264607,-1.4307775783864427,-0.6245210351665915,0.12026436500377842,0.19492296089407646,-0.13884524976395696,1.0563207584652625,-0.44247414957154496,-0.29284351497026323
1610612747,2009-10,1.2836928002817547,0.38019806857890104,-0.7092368412118673,1.0291521225922384,0.17355936538278693,-0.6067609169034772,0.4937027297905412,0.28988866462792334,-0.848381523473848,-0.07871806624495933,-0.2168690986845831
1610612763,2009-10,-0.07767332859084969,0.358405697867047,0.709742355710238,-0.3164504488832796,-1.422601435715969,-2.0608114807179843,1.8548105658744345,-0.09986943936469511,0.49196452677960006,-0.15955275142864503,-0.07015988102947912
1610612748,2009-10,0.4813417484824419,-0.03385697494634709,-0.5515724859982993,0.503526118109614,-0.5306292233372529,-1.2530056119321464,-0.17025231220160272,0.017057991833090418,-0.6367479365917247,-0.11913540883680218,-1.115463056822093
1610612749,2009-10,0.40242197289562487,-0.4043272770478872,-0.8894246757416578,0.44045099757169914,0.2674511772121256,-0.4451997431463102,-0.037461303803173925,0.9914532518146365,-0.848381523473848,-0.8870649180818163,-0.5129073414529192
1610612750,2009-10,-2.083550958089132,-1.1452678812509673,1.0250710661373739,-2.061528783765592,-1.5164932475453077,-1.5761279594464819,0.29451621719289806,0.1729612334301378,0.9857762295045547,-0.8870649180818163,0.6712456296204178
1610612751,2009-10,-2.326886932815153,-1.428568700505085,0.6872188763940155,-2.019478703406982,-1.140926000227953,-1.4953473725678983,-0.4690320810980675,-0.5675791641558329,0.1392418819760611,-1.250821001408402,-0.499808304162282
1610612740,2009-10,-0.32100930331687066,0.14048199074849438,0.6872188763940155,-0.5056758104970244,0.5491266127001405,0.28182553876094535,-0.568625337396889,-0.1778210601632188,-0.7072924655524324,0.12336864671425492,-0.26926524784712075
1610612752,2009-10,-0.9589441559769804,0.11868962003664037,1.0025475868211482,-0.8420764533659038,-0.014224258275890356,-0.2836385693891404,-1.033393866791388,-0.37270011215952803,-0.49565887867030906,0.2850380170816263,0.12370587087190614
1610612760,2009-10,0.7246777232084632,0.2494438443077707,-0.5290490066820767,0.7348015600819686,-0.9531423765692758,-1.1722250250535629,0.6928892423881844,-0.2557726809617425,0.3508754688581845,0.2850380170816263,-0.11207680035951148
1610612753,2009-10,1.4481089994209584,1.0557615606464161,-0.6867133618956446,1.6599033279713873,-0.6714669410812609,-0.9298832644178111,-0.6350208415961016,0.9914532518146365,-0.07239170490606228,1.335888924469536,-0.5286261862016771
1610612755,2009-10,-1.1233603551161835,-0.2299883113530457,0.6872188763940155,-0.8631014935452086,-0.4367374115079143,-0.4451997431463102,0.3609117213921124,-0.29474849136100434,0.2097864109367689,-0.24038743661233072,-0.48146965195539587
1610612756,2009-10,1.0469334735213023,1.7531174234257851,0.7322658350264607,1.0081270824129334,0.17355936538278693,0.44338671251811235,0.39410947349171965,-1.0742646993462368,-0.07239170490606228,1.82089703557165,0.49047891500966606
1610612757,2009-10,0.7246777232084632,0.8160454828160063,0.05656145553974355,0.7348015600819686,0.5021807067854711,-0.2836385693891404,0.6928892423881844,0.05603380223235226,-1.0600151103559694,0.2850380170816263,-1.5503510948711485
1610612758,2009-10,-1.281199906289819,-0.31715779420046486,0.7322658350264607,-0.9892517346210385,-0.8123046588252678,-1.010663851296396,0.5269004818901484,-0.021917818566171428,0.2097864109367689,-0.48289149216338784,0.05821068441873499
1610612759,2009-10,0.7246777232084632,0.7506683706804411,-0.43895508941717976,1.134277323488763,0.4552348008708018,0.36260612563952743,0.12852745669486207,0.7575983894190654,-0.42511434970960127,0.48712473004084056,-0.6019807950292291
1610612761,2009-10,-0.07767332859084969,0.9467997070871397,1.4304936938294035,-0.4215756497798045,0.4552348008708018,0.12026436500377842,-0.3694388247992459,-0.3337243017602662,-0.7778369945131403,0.9721328411429503,-0.16185314206392096
1610612762,2009-10,0.9614370499689164,0.8378378535278634,-0.41643161010095714,1.197352444026678,1.0185856718468338,2.3013402107255394,0.460504977690934,0.6796467686205417,0.49196452677960006,1.0125501837347932,0.032012609837468016
1610612764,2009-10,-1.2022801307030013,-0.6004586134545857,0.5520780004966701,-1.1154019756968683,-1.2348178120572917,-1.5761279594464819,0.5932959860893628,-0.37270011215952803,0.4214199978188923,-0.6445608625307592,-0.5129073414529192
1610612737,2010-11,0.2445824217219894,-0.16461119921748052,-0.011008982408927519,-0.1482501274488399,0.31439708312679493,0.6049478862752793,-0.8342073541937448,0.36784028542644703,-0.14293623386677007,0.08295130412241207,-1.1364215164871072
1610612738,2010-11,1.2047730246949377,-0.07744171637005824,-1.3624177413823617,1.197352444026678,0.31439708312679493,1.4935343419397018,-1.3985691398870672,0.3288644750271852,0.4214199978188923,0.8508808133674262,-0.9530349944182274
1610612766,2010-11,-0.5577686300773239,-0.6658357255901509,0.25927276938575994,-0.8841265337245137,-0.4367374115079143,-0.0412968087533914,-0.037461303803173925,0.1729612334301378,0.49196452677960006,-0.48289149216338784,-1.115463056822093
1610612741,2010-11,1.6848683261814117,0.2930285857314818,-1.4299881793310327,1.6388782877920822,0.1266134594681176,0.28182553876094535,1.0912622675834707,0.64067095822128,0.0686973530153533,0.04253396153056922,-0.8796803855906754
1610612739,2010-11,-1.761295207776293,-0.9491365448442688,1.1376884627184936,-1.9984536632276768,-0.2958996937639063,-0.4451997431463102,-0.5354275852972818,-0.06089362896543327,-0.14293623386677007,-0.8870649180818163,-0.20900967631020226
1610612742,2010-11,1.2836928002817547,0.5545370342737456,-0.3939081307847345,0.9240269216957135,0.7838561422734871,1.412753755061117,-0.701416345795316,0.48476771662423257,-0.14293623386677007,1.0125501837347932,-0.6072204099454855
1610612743,2010-11,0.7246777232084632,1.2736852677649686,0.2142258107533115,1.0291521225922384,0.1266134594681176,0.039483778125193505,-0.5354275852972818,0.601695147822018,-0.42511434970960127,1.3763062670613788,0.39354603905897156
1610612765,2010-11,-0.8800243803901626,0.2494438443077707,1.092641504086045,-0.7790013328279889,0.3613429890414642,-0.12207739563197345,0.5932959860893628,-0.7624582161521422,-0.6367479365917247,-0.28080477920417357,-1.2490732371865598
1610612744,2010-11,-0.3999290789036884,0.27123621501962475,0.7998362729751349,-0.48465077031771936,-0.014224258275890356,0.039483778125193505,0.028934200396040465,-1.6199260449359028,-0.14293623386677007,0.16378598930609778,0.33853008243830573
1610612745,2010-11,0.15908599816960353,0.9467997070871397,0.46198408323177637,0.48250107793030905,1.0185856718468338,0.6857284731538642,0.5269004818901484,-0.4116759225587899,-0.848381523473848,0.40629004485715486,0.1525237529113013
1610612754,2010-11,-0.32100930331687066,-0.38253490633603315,-0.1911968169387181,-0.19030020780744983,-1.2348178120572917,-1.4145667856893147,-0.07065905590278113,0.0950096126316141,0.49196452677960006,-0.28080477920417357,0.2468368214038676
1610612746,2010-11,-0.7221848292165272,-0.2299883113530457,0.484507562547999,-0.6738761319314641,-0.9061964706546065,-0.0412968087533914,1.0248667633842563,-0.3337243017602662,1.4795879322295074,-0.19997009402048788,-0.31642178209340577
1610612747,2010-11,1.2836928002817547,0.8160454828160063,-0.5740959653145251,1.3235026851025078,0.6430184245294791,0.039483778125193505,0.8588780028862204,-0.3337243017602662,-0.848381523473848,0.20420333189794063,-0.7277315530193188
1610612763,2010-11,0.40242197289562487,0.2494438443077707,-0.3038142135198376,0.524551158288919,-0.2958996937639063,-0.7683220906606442,1.1244600196830778,-0.7234824057528803,-0.21348076282747785,-0.24038743661233072,-0.5600638756992005
1610612748,2010-11,1.3626125758685725,1.0339691899345589,-0.6641898825794188,1.6388782877920822,-0.4836833174225836,-0.6875415037820592,-0.40263657689885307,0.5627193374227563,-0.14293623386677007,1.335888924469536,-0.7670286648912229
1610612749,2010-11,-0.4788488544905061,-1.1016831398272562,-0.9795185930065547,-0.16927516762814487,-0.6714669410812609,-1.3337861988107298,-0.40263657689885307,0.36784028542644703,-0.3545698207488935,-1.1699863162247162,-1.0447282554526691
1610612750,2010-11,-1.9257114069154966,-0.5786662427427287,0.9124536695562544,-1.4097525382071379,-1.7042768712039849,-1.5761279594464819,1.2240532759818996,-0.09986943936469511,1.4795879322295074,-0.5637261773470735,0.7681785055711086
1610612751,2010-11,-1.3601196818766368,-0.8183823205731384,0.6872188763940155,-1.4307775783864427,-0.20200788193456765,-0.2836385693891404,0.16172520879446925,-0.021917818566171428,-0.07239170490606228,-0.9274822606736591,-1.0106707584970176
1610612740,2010-11,0.40242197289562487,-0.09923408708191225,-0.32633769283606023,0.20917555559934453,0.17355936538278693,-0.12207739563197345,-0.3362410726996387,0.7965741998183273,-0.5662034076310168,-0.11913540883680218,-1.3512457280535068
1610612752,2010-11,0.08016622258278579,0.8814225949515746,0.709742355710238,0.20917555559934453,0.07966755355344829,-0.4451997431463102,-0.867405106293352,-0.9573372681484513,-0.848381523473848,0.8508808133674262,0.5009581448421714
1610612760,2010-11,1.1258532491081201,0.8814225949515746,0.011514496907298305,0.8189017207991885,-0.4367374115079143,-0.9298832644178111,0.22812071299368364,-0.13884524976395696,-0.3545698207488935,0.8508808133674262,-0.18805121664518792
1610612753,2010-11,0.8825172743820987,0.336613327155193,-0.9119481550578836,1.176327403847373,-0.9531423765692758,-0.8491026775392276,0.16172520879446925,0.874525820616851,0.6330535847010157,0.5679594152245263,-0.7879871245562373
1610612755,2010-11,0.0012464469959680537,-0.12102645779376939,-0.4614785687334056,0.31430075649586936,0.9716397659321644,0.5241672993966973,-0.701416345795316,0.5237435270234944,-1.0600151103559694,-0.19997009402048788,-0.4657508072066342
1610612756,2010-11,-0.07767332859084969,0.5981217756974536,0.7998362729751349,-0.16927516762814487,0.5491266127001405,0.7665090600324462,-0.8010096020941376,-0.7624582161521422,-0.42511434970960127,0.7700461281837405,0.1630029827438103
1610612757,2010-11,0.5602615240692597,0.31482095644333585,-0.03353246172515014,0.33532579667517437,0.3613429890414642,-0.0412968087533914,1.0580645154838635,-0.7234824057528803,-0.5662034076310168,-0.28080477920417357,-1.4219805294229344
1610612758,2010-11,-1.3601196818766368,-0.6440433548782938,0.5746014798128959,-1.1574520560554782,-1.281763717971961,-1.2530056119321464,1.1576577717826853,0.05603380223235226,0.9857762295045547,-0.8466475754899735,0.3149518153151669
1610612759,2010-11,1.6059485505945938,1.012176819222705,-0.32633769283606023,1.2814526047438979,0.5960725186148098,0.44338671251811235,-0.7678118499945304,0.4068160958257089,-0.7072924655524324,1.0933848689184789,-0.3190415895515302
1610612761,2010-11,-1.52453588101584,-0.1428188285056234,1.317876297248284,-1.367702457848528,-0.24895378784923697,-0.12207739563197345,0.4937027297905412,-0.6065549745550948,0.2097864109367689,-0.28080477920417357,-0.2037700613939496
1610612762,2010-11,-0.15659310417766742,0.2494438443077707,0.6646953970777896,-0.37952556942119453,0.4082888949561325,0.8472896469110311,0.4937027297905412,-0.8404098369506658,0.0686973530153533,0.16378598930609778,-0.6622363665661476
1610612764,2010-11,-1.4456161054290222,-0.9927212862679798,0.7322658350264607,-1.6410279801794925,-1.281763717971961,-1.6569085463250652,0.5932959860893628,-1.1522163201447606,0.49196452677960006,-1.0891516310410305,0.052971069502482336
1610612737,2011-12,0.6983711313461907,-0.360742535624176,-1.2272768654850164,0.7978766806198835,0.31439708312679493,0.5241672993966973,-0.6682185936957088,0.0950096126316141,-0.14293623386677007,-0.19997009402048788,-0.9635142242507364
1610612738,2011-12,0.5997214118626685,-1.2542297348102436,-1.8804577656555108,0.545576198468224,0.22050527129745626,1.4935343419397018,-1.7969421650823536,-0.5675791641558329,0.6330535847010157,-0.19997009402048788,-0.9032586527138179
1610612766,2011-12,-2.5899528514378787,-2.4963948653859913,0.7998362729751349,-3.15483087308945,-0.7184128469959302,-0.7683220906606442,-0.4690320810980675,-0.8793856473499276,0.2803309398974767,-2.3016719087963162,-0.7067730933543045
1610612741,2011-12,1.698021622112548,0.09689724932478325,-1.8804577656555108,1.8491286895851322,0.5021807067854711,0.6049478862752793,2.0539970784720776,0.0950096126316141,0.0686973530153533,-0.6849782051226021,-1.1992968954821503
1610612739,2011-12,-1.195703482737433,-1.2760221055220977,0.39441364528310213,-1.5989778998208823,-1.1878719061426224,-1.2530056119321464,0.7924824986870059,-0.6845065953536185,0.9152317005438468,-1.4124903717757733,-0.5810223353642148
1610612742,2011-12,0.29719560544653456,-0.8183823205731384,-1.1146594689038969,0.23020059577864954,-0.24895378784923697,-0.3644191562677253,-1.033393866791388,0.5237435270234944,-0.28402529178818564,-0.5233088347552307,-0.510287533994791
1610612743,2011-12,0.5010716923791463,0.5327446635618885,-0.16867333762249548,0.6717264395440538,0.07966755355344829,0.7665090600324462,0.5600982339897556,0.1729612334301378,0.49196452677960006,0.648794100408212,0.12370587087190614
1610612765,2011-12,-0.7945279568377767,-1.2760221055220977,-0.1911968169387181,-1.0523268551589533,-1.6573309652893156,-1.4953473725678983,0.7592847465873988,-0.4506517329580517,1.3384988743080917,-1.2104036588165592,-1.1128432493639648
1610612744,2011-12,-0.9984040437703892,-0.4261196477597412,0.32684320733443106,-0.715926212290074,0.31439708312679493,0.36260612563952743,-1.4317668919866744,-1.6589018553351647,-0.42511434970960127,-0.03830072365311648,-0.2037700613939496
1610612745,2011-12,0.09989616647949022,-0.360742535624176,-0.41643161010095714,0.04097523416490481,-0.34284559967857564,-0.4451997431463102,0.32771396929250524,-0.3337243017602662,0.0686973530153533,-0.44247414957154496,-0.4552715773741289
1610612754,2011-12,0.8956705703132349,-0.07744171637005824,-0.8443777171092126,0.6927514797233587,-1.0000882824839452,-1.8184697200822337,1.1244600196830778,-0.4506517329580517,-0.14293623386677007,-0.5637261773470735,-0.7539296276005857
1610612746,2011-12,0.6983711313461907,0.358405697867047,-0.23624377557116655,0.566601238647529,0.17355936538278693,-0.2836385693891404,1.0580645154838635,-0.3337243017602662,-0.42511434970960127,-0.28080477920417357,-1.1992968954821503
1610612747,2011-12,0.7970208508297129,-0.29536542348861083,-0.5966194446307478,0.27225067613725945,-0.24895378784923697,0.28182553876094535,0.9252735070854348,0.7186225790198036,0.6330535847010157,-0.24038743661233072,-0.7434503977680804
1610612763,2011-12,0.7970208508297129,-0.6658357255901509,-1.1822299068525712,0.46147603775100415,-0.9061964706546065,-1.2530056119321464,1.1908555238822924,-0.48962754335731357,0.2803309398974767,-1.0083169458573449,-0.7172523231868134
1610612748,2011-12,1.2968460962128912,-0.05564934565820421,-1.497558617279704,1.3445277252818129,-1.0939800943132838,-0.8491026775392276,-0.004263551703566731,-0.29474849136100434,0.7035981136617234,0.36587270226531204,-0.6517571367336423
1610612749,2011-12,-0.19605299197107628,-0.29536542348861083,-0.3939081307847345,0.08302531452351475,0.5960725186148098,0.5241672993966973,0.4937027297905412,-0.9963130785477132,-0.3545698207488935,-0.7658128903062877,0.032012609837468016
1610612750,2011-12,-0.6958782373542546,-0.6004586134545857,-0.12362637899004704,-0.46362573013841446,-1.1878719061426224,-1.4953473725678983,0.39410947349171965,-0.29474849136100434,0.49196452677960006,-0.6445608625307592,-0.030862769157578664
1610612751,2011-12,-1.097053763253911,-0.8837594327087036,0.5070310418642217,-1.3256523774899178,-1.0470341883986145,-0.9298832644178111,0.4937027297905412,-0.9183614577491895,0.8446871715831391,-0.9678996032655021,-0.8639615408419137
1610612740,2011-12,-1.195703482737433,-1.2978144762339516,-0.43895508941717976,-0.8420764533659038,-0.9531423765692758,-0.12207739563197345,0.3609117213921124,-0.1778210601632188,1.4090434032687995,-0.9274822606736591,-1.3853032250091584
1610612752,2011-12,0.29719560544653456,-0.5132891306071635,-1.2723238241174648,0.6717264395440538,-1.3287096238866303,-1.0914444381749795,0.32771396929250524,0.05603380223235226,1.1268652874259701,-0.28080477920417357,-0.1697125644383018
1610612760,2011-12,1.3954958156964132,0.5545370342737456,-0.8443777171092126,1.3235026851025078,-1.9390064007773316,-1.899250306960817,0.16172520879446925,-0.5286033537565711,1.3384988743080917,1.0933848689184789,-0.11731641527576413
1610612753,2011-12,0.40242197289562487,-0.4043272770478872,-0.5515724859982993,0.12507539488212466,-0.9531423765692758,-0.6875415037820592,0.22812071299368364,0.7575983894190654,0.8446871715831391,-0.28080477920417357,-1.2595524670190688
1610612755,2011-12,0.1985458859630124,-0.6876280963020049,-1.722793410441943,0.9660770020543233,2.0044496960548885,0.44338671251811235,-0.7346140978949232,0.4457919062249707,-2.1181830447665866,-1.1699863162247162,-1.0159103734132704
1610612756,2011-12,0.0012464469959680537,-0.1428188285056234,-0.14614985830626967,-0.02209988637301009,0.2674511772121256,0.36260612563952743,-0.17025231220160272,-0.5286033537565711,-0.21348076282747785,-0.15955275142864503,-0.2483067881821064
1610612757,2011-12,-0.4985787983872106,-0.31715779420046486,-0.12362637899004704,-0.19030020780744983,-0.4836833174225836,-0.6875415037820592,0.12852745669486207,-0.37270011215952803,-0.07239170490606228,-0.36163946438785927,-0.6072204099454855
1610612758,2011-12,-1.097053763253911,-0.6440433548782938,0.642171917761567,-1.2205271765933932,-0.9531423765692758,-1.8184697200822337,0.7260869944877916,-1.1911921305440225,-0.21348076282747785,-1.2104036588165592,0.26255566615262926
1610612759,2011-12,1.698021622112548,0.9032149656634286,-0.7993307584767642,1.6178532476127774,0.7838561422734871,0.6857284731538642,-0.568625337396889,0.7575983894190654,-0.6367479365917247,0.8912981559592691,-0.23258794343334474
1610612761,2011-12,-0.9984040437703892,-1.36319158836952,-0.506525527365854,-0.8210514131865988,-0.7653587529105995,-0.12207739563197345,-0.17025231220160272,0.28988866462792334,0.9857762295045547,-0.8870649180818163,-1.144280938861488
1610612762,2011-12,0.29719560544653456,-0.07744171637005824,-0.21372029625494074,0.10405035470281972,-0.014224258275890356,-0.2836385693891404,1.3568442843803283,0.0950096126316141,-0.21348076282747785,-0.6041435199389164,-0.5312459936598053
1610612764,2011-12,-1.2943532022209554,-1.2760221055220977,-0.21372029625494074,-1.0523268551589533,-1.3756555298012998,-1.4953473725678983,0.29451621719289806,-0.8793856473499276,0.7035981136617234,-1.2912383440002448,-0.2535464030983591
1610612737,2012-13,0.2445824217219894,-0.46970438918345236,-0.5515724859982993,0.06200027434420978,0.5021807067854711,1.4935343419397018,-1.4981623961858888,0.017057991833090418,0.2803309398974767,0.24462067448978347,-0.2614058254727399
1610612738,2012-13,0.04070633478937692,-0.7965899498612813,-0.731760320528093,-0.10620004709022997,0.07966755355344829,0.7665090600324462,-1.7637444129827462,-0.4116759225587899,0.0686973530153533,0.08295130412241207,-0.5495846458666952
1610612751,2012-13,0.6457579476216455,0.22765147359591667,-0.23624377557116655,0.41942595739239424,-0.7653587529105995,-0.6875415037820592,1.4564375406791499,0.017057991833090418,0.6330535847010157,-0.15955275142864503,-1.225494970063421
1610612766,2012-13,-1.6034556566026579,-1.1888526226746754,1.0025475868211482,-2.0825538239448966,-0.7653587529105995,-1.3337861988107298,0.19492296089407646,-0.8404098369506658,-0.14293623386677007,-1.3316556865920877,-0.5417252234923143
1610612741,2012-13,0.32350219730880714,-0.7530052084375701,-0.8894246757416578,0.10405035470281972,0.31439708312679493,0.6857284731538642,1.0912622675834707,-0.06089362896543327,0.2803309398974767,-1.1295689736328733,-1.1023640195314595
1610612739,2012-13,-1.3601196818766368,-0.5786662427427287,0.5295545211804474,-1.0523268551589533,-0.34284559967857564,-0.8491026775392276,0.8920757549858276,-0.21679687056248065,-0.21348076282747785,-1.0487342884491877,-0.3426198566746727
1610612742,2012-13,0.0012464469959680537,-0.25178068206489973,-0.10110289967382122,-0.12722508726953494,0.5960725186148098,0.6049478862752793,-1.3321736356878529,-0.09986943936469511,-0.6367479365917247,0.16378598930609778,0.1394247156206678
1610612743,2012-13,1.2836928002817547,0.7506683706804411,-0.3713846514685087,1.0712022029508481,0.2674511772121256,0.6857284731538642,1.5228330448783625,-0.9963130785477132,0.2803309398974767,0.36587270226531204,0.3568687346451956
1610612765,2012-13,-0.9589441559769804,-0.6876280963020049,0.3043197280182084,-0.9472016542624285,-0.6714669410812609,-0.2836385693891404,0.8256802507866132,-0.21679687056248065,0.7741426426224313,-0.7658128903062877,-0.7539296276005857
1610612744,2012-13,0.4813417484824419,-0.16461119921748052,-0.3713846514685087,0.18815051542003958,-0.24895378784923697,0.12026436500377842,-0.4690320810980675,0.4457919062249707,0.2803309398974767,0.20420333189794063,0.28351412581764357
1610612745,2012-13,0.32350219730880714,0.6417065171211648,-0.12362637899004704,0.7348015600819686,-0.6245210351665915,0.28182553876094535,0.19492296089407646,0.36784028542644703,1.1268652874259701,0.9721328411429503,0.6109900580834993
1610612754,2012-13,0.6917944833806225,-0.5350815013190175,-1.5426055759121524,0.9240269216957135,-0.9531423765692758,-0.7683220906606442,1.2240532759818996,0.017057991833090418,0.8446871715831391,-0.7658128903062877,-0.95827460933448
1610612746,2012-13,1.2047730246949377,0.8596302242397175,-0.6867133618956446,1.4496529261783377,0.4552348008708018,1.170411994425365,0.7924824986870059,-0.13884524976395696,0.4214199978188923,0.6892114430000548,-0.7146325157286852
1610612747,2012-13,0.32350219730880714,0.2494438443077707,0.011514496907298305,0.23020059577864954,-0.2958996937639063,-0.12207739563197345,0.32771396929250524,0.05603380223235226,0.2803309398974767,0.32545535967346917,0.13680490816253962
1610612763,2012-13,1.2047730246949377,-0.49149675989530944,-1.5200820965959296,0.9450519618750184,-0.20200788193456765,-0.3644191562677253,1.4896352927787553,0.05603380223235226,0.1392418819760611,-1.0487342884491877,-1.3093288087234782
1610612748,2012-13,2.0071240764942506,1.2083081556294035,-0.5966194446307478,1.722978448509302,0.5021807067854711,1.170411994425365,-1.1661848751898167,-0.8793856473499276,-0.14293623386677007,1.9421490633471787,-0.8639615408419137
1610612749,2012-13,-0.24208952773005293,-0.7312128377257161,-0.3713846514685087,-0.3585005292418895,0.3613429890414642,0.039483778125193505,0.5269004818901484,-0.8793856473499276,-0.49565887867030906,-1.2104036588165592,0.28613393327577175
1610612750,2012-13,-0.8011046048033449,-0.8837594327087036,-0.41643161010095714,-0.46362573013841446,-0.15506197601989832,0.12026436500377842,0.42730722559132683,0.05603380223235226,0.2803309398974767,-0.9678996032655021,-0.16185314206392096
1610612740,2012-13,-1.1233603551161835,-0.29536542348861083,0.6872188763940155,-0.9261766140831237,-0.4836833174225836,-0.20285798251055837,1.0912622675834707,0.1729612334301378,0.6330535847010157,-0.48289149216338784,-1.32504765347224
1610612752,2012-13,1.0469334735213023,0.8596302242397175,-0.10110289967382122,0.9450519618750184,0.2674511772121256,-1.0914444381749795,-0.2698455685004243,0.28988866462792334,-1.4832822841202162,0.40629004485715486,-1.0159103734132704
1610612760,2012-13,1.5270287750077762,1.1211386727819812,-1.0470890309552259,2.080404131557487,-0.6714669410812609,-0.2836385693891404,-0.2698455685004243,0.05603380223235226,0.49196452677960006,1.618810322612436,0.005814535256197327
1610612753,2012-13,-1.6823754321894755,-1.0798907691153992,0.5746014798128959,-1.5569278194622727,0.1266134594681176,0.5241672993966973,-0.2034500643012099,0.2509128542286615,0.2097864109367689,-1.0487342884491877,-0.45789138483225333
1610612755,2012-13,-0.5577686300773239,-1.058098398403545,-0.25876725488738916,-0.7790013328279889,0.9246938600174951,0.6049478862752793,-0.2698455685004243,-0.21679687056248065,-0.848381523473848,-1.250821001408402,-0.7015334784380518
1610612756,2012-13,-1.281199906289819,-1.2324373640983866,0.23674929006953735,-1.4097525382071379,-0.4367374115079143,0.12026436500377842,0.29451621719289806,-0.5286033537565711,0.7741426426224313,-1.1295689736328733,-0.020383539325069644
1610612757,2012-13,-0.6432650536297094,-0.29536542348861083,0.46198408323177637,-0.715926212290074,-0.2958996937639063,0.039483778125193505,-0.17025231220160272,0.05603380223235226,0.2803309398974767,-0.15955275142864503,-0.5495846458666952
1610612758,2012-13,-1.0444405795293659,-0.12102645779376939,0.9349771488724771,-0.9892517346210385,-0.5775751292519222,-0.7683220906606442,0.22812071299368364,-1.0742646993462368,0.0686973530153533,-0.32122212179601645,0.024153187463087183
1610612759,2012-13,1.3626125758685725,0.2494438443077707,-1.2498003448012422,1.4076028458197276,0.7838561422734871,1.7358761025754537,-1.863337669281568,0.5627193374227563,-0.0018471759453544837,1.1338022115103217,0.1970604796994581
1610612761,2012-13,-0.5577686300773239,-0.18640356992933454,0.12413189348841783,-0.2954254087039746,0.1266134594681176,-0.0412968087533914,-0.10385680800238832,-0.48962754335731357,-0.3545698207488935,-0.32122212179601645,-0.8639615408419137
1610612762,2012-13,0.15908599816960353,-0.09923408708191225,-0.05605594104137596,-0.04312492655231506,-0.014224258275890356,0.36260612563952743,0.9916690112846491,-0.13884524976395696,0.4214199978188923,-0.28080477920417357,-0.656996751649895
1610612764,2012-13,-0.9589441559769804,-1.428568700505085,-0.9569951136903321,-0.48465077031771936,-0.5306292233372529,-0.0412968087533914,-0.6682185936957088,0.21193704382939965,0.5625090557403079,-1.1295689736328733,-0.3478594715909254
1610612737,2013-14,-0.24208952773005293,-0.20819594064118857,-0.03353246172515014,-0.1482501274488399,0.4082888949561325,1.4935343419397018,-1.4317668919866744,0.4068160958257089,0.4214199978188923,0.5679594152245263,0.22325855428072508
1610612738,2013-14,-1.281199906289819,-0.8619670619968465,0.14665537280464044,-0.9682266944417335,-0.8123046588252678,-0.6067609169034772,0.4937027297905412,0.28988866462792334,0.7035981136617234,-0.9274822606736591,-0.07277968848760731
1610612751,2013-14,0.2445824217219894,-0.09923408708191225,0.1917023314370889,-0.2744003685246697,-0.4836833174225836,-0.20285798251055837,-1.2989758835882455,-0.5675791641558329,0.1392418819760611,0.6083767578163691,-0.5600638756992005
1610612766,2013-14,0.15908599816960353,-0.6222509841664398,-0.5740959653145251,-0.08517500691092499,1.0185856718468338,-0.0412968087533914,-1.0001961146917808,1.147356493411684,-1.553826813080924,-0.7253955477144449,-0.42645369533473
1610612741,2013-14,0.5602615240692597,-0.9055518034205576,-1.3398942620661358,0.39840091721308923,-0.108116070105229,0.5241672993966973,0.7260869944877916,0.48476771662423257,0.6330535847010157,-0.8870649180818163,-0.9739934540832417
1610612739,2013-14,-0.6432650536297094,-0.5132891306071635,0.25927276938575994,-0.7579762926486839,-0.24895378784923697,-0.6067609169034772,0.4937027297905412,0.4068160958257089,-0.28402529178818564,-0.8870649180818163,-0.2273483285170921
1610612742,2013-14,0.6457579476216455,0.7942531121041523,0.3043197280182084,0.48250107793030905,0.9246938600174951,0.8472896469110311,-0.7678118499945304,-0.2557726809617425,-0.848381523473848,0.9721328411429503,0.10012760374876363
1610612743,2013-14,-0.3999290789036884,-0.16461119921748052,0.32684320733443106,-0.46362573013841446,-0.6245210351665915,-0.4451997431463102,0.3609117213921124,0.0950096126316141,0.49196452677960006,-0.15955275142864503,1.1506703944576302
1610612765,2013-14,-0.9589441559769804,-0.1428188285056234,0.709742355710238,-0.7790013328279889,-0.4836833174225836,-1.0914444381749795,1.5892285490775768,-0.29474849136100434,-0.07239170490606228,-1.0487342884491877,0.2651754736107537
1610612744,2013-14,0.803597498795281,0.09689724932478325,-1.0020420723227774,1.0291521225922384,-0.06117016419055968,0.36260612563952743,-0.5022298331976747,0.9135016310161128,0.1392418819760611,0.40629004485715486,0.736740816073589
1610612745,2013-14,1.0469334735213023,0.8596302242397175,-0.14614985830626967,0.9660770020543233,-1.0000882824839452,-0.6875415037820592,0.22812071299368364,-0.021917818566171428,0.8446871715831391,1.2550542392858501,0.7105427414923182
1610612754,2013-14,1.2047730246949377,-0.49149675989530944,-1.565129055228375,0.9871020422336284,-1.0000882824839452,-0.8491026775392276,-0.10385680800238832,0.7965741998183273,0.6330535847010157,-0.19997009402048788,-0.43693292516723903
1610612746,2013-14,1.2836928002817547,1.1865157849175463,-0.41643161010095714,1.5337530868955573,1.065531577761503,1.089631407546783,-0.3694388247992459,-0.4116759225587899,-0.7072924655524324,1.0933848689184789,0.5507344865465809
1610612747,2013-14,-1.1233603551161835,-0.5786662427427287,0.7773127936589092,-1.262577256952003,0.3613429890414642,0.9280702337896161,-2.1289196860784254,-0.9573372681484513,-0.07239170490606228,0.08295130412241207,1.3523955687333962
1610612763,2013-14,0.7246777232084632,-0.07744171637005824,-0.4614785687334056,0.3563508368544793,0.22050527129745626,0.12026436500377842,0.8920757549858276,0.6796467686205417,-0.21348076282747785,-0.44247414957154496,-1.042108447994541
1610612748,2013-14,1.0469334735213023,0.9032149656634286,-0.1911968169387181,1.0712022029508481,-0.108116070105229,0.9280702337896161,-1.8301399171819608,-0.5675791641558329,0.4214199978188923,2.0229837485308644,-0.6962938635217955
1610612749,2013-14,-2.083550958089132,-0.8619670619968465,0.9800241075049255,-1.7461531810760174,-0.5775751292519222,-0.3644191562677253,0.3609117213921124,-0.8793856473499276,0.5625090557403079,-0.8466475754899735,-0.4185942729603529
1610612750,2013-14,-0.07767332859084969,0.4019904392907582,-0.14614985830626967,0.545576198468224,0.8308020481881564,0.28182553876094535,0.5932959860893628,0.5627193374227563,-0.9189260524345538,-0.19997009402048788,0.9882423320537645
1610612740,2013-14,-0.5577686300773239,0.07510487861292922,0.7322658350264607,-0.6318260515728541,0.03272164763877897,-0.3644191562677253,0.19492296089407646,-0.2557726809617425,-0.42511434970960127,-0.11913540883680218,-0.3897763909209577
1610612752,2013-14,-0.32100930331687066,0.2494438443077707,0.5070310418642217,-0.23235028816605977,-0.014224258275890356,-0.7683220906606442,-0.2698455685004243,0.1729612334301378,-0.848381523473848,0.04253396153056922,-0.86920115575817
1610612760,2013-14,1.4481089994209584,0.7724607413922983,-0.6416664032631961,1.3445277252818129,-0.5306292233372529,-0.2836385693891404,-0.17025231220160272,0.8355500102175891,0.3508754688581845,1.052967526326636,0.46428084042839535
1610612753,2013-14,-1.4456161054290222,-1.058098398403545,0.16917885212086306,-1.199502136414088,-0.6245210351665915,-0.4451997431463102,-1.0665916188909952,0.5237435270234944,0.2097864109367689,-0.6041435199389164,-0.07539949594573549
1610612755,2013-14,-1.761295207776293,-1.4939458126406504,0.709742355710238,-2.1035788641242017,-1.1878719061426224,-0.7683220906606442,-0.3030433206000315,-0.6455307849543566,1.0563207584652625,-1.2104036588165592,1.357635183649649
1610612756,2013-14,0.5602615240692597,0.5109522928500345,-0.05605594104137596,0.545576198468224,-1.422601435715969,-1.8184697200822337,-0.037461303803173925,-0.06089362896543327,0.3508754688581845,0.7296287855918977,0.5952712133347376
1610612757,2013-14,1.0469334735213023,0.9903844485108508,0.07908493485596937,0.8819768413371035,0.6899643304441484,0.20104495188236046,0.6928892423881844,0.48476771662423257,-0.7778369945131403,0.32545535967346917,0.3516291197289429
1610612758,2013-14,-1.0444405795293659,-0.16461119921748052,0.43946060391555053,-0.5687509310349392,-1.422601435715969,-1.899250306960817,0.5600982339897556,0.9524774414153747,0.4214199978188923,-0.32122212179601645,0.12632567833003433
1610612759,2013-14,1.6848683261814117,0.7942531121041523,-1.0020420723227774,1.7019534083299972,0.9716397659321644,1.6550955156968687,-1.2657781314886383,0.9524774414153747,-0.21348076282747785,1.2550542392858501,0.3437696973545621
1610612761,2013-14,0.5602615240692597,0.4455751807144693,-0.281290734203615,0.6927514797233587,-0.20200788193456765,-0.4451997431463102,0.42730722559132683,0.017057991833090418,-0.14293623386677007,0.20420333189794063,-0.5443450309504388
1610612762,2013-14,-1.281199906289819,-0.7530052084375701,0.9575006281886997,-1.5989778998208823,-0.7184128469959302,-0.6875415037820592,-0.07065905590278113,0.28988866462792334,0.3508754688581845,-0.6849782051226021,-0.5862619502804711
1610612764,2013-14,0.2445824217219894,-0.20819594064118857,-0.506525527365854,0.27225067613725945,0.22050527129745626,0.5241672993966973,-0.4358343289984603,0.7186225790198036,-0.0018471759453544837,-0.07871806624495933,-0.09897776306887428
1610612737,2014-15,1.5270287750077762,0.5109522928500345,-0.7993307584767642,1.239402524385288,1.2533152014201803,2.0589984500897875,-1.1661848751898167,-0.13884524976395696,-0.21348076282747785,0.9317154985511075,0.026772994921211647
1610612738,2014-15,-0.07767332859084969,-0.44791201847159834,-0.5290490066820767,0.06200027434420978,1.065531577761503,0.8472896469110311,-0.3362410726996387,0.36784028542644703,-0.7778369945131403,-0.6849782051226021,0.5638335238372143
1610612751,2014-15,-0.24208952773005293,-0.5350815013190175,0.101608414172192,-0.6318260515728541,-0.15506197601989832,-0.5259803300248923,-0.701416345795316,0.017057991833090418,-0.49565887867030906,-0.44247414957154496,-0.2273483285170921
1610612766,2014-15,-0.6432650536297094,-1.36319158836952,-0.6416664032631961,-0.715926212290074,0.6899643304441484,-0.9298832644178111,-0.9669983625921735,1.7709694597998735,-1.906549457884463,-1.6954117699186733,-0.29022370751213505
1610612741,2014-15,0.7246777232084632,0.09689724932478325,-0.5740959653145251,0.6296763591854438,0.07966755355344829,-0.2836385693891404,0.42730722559132683,0.3288644750271852,-0.42511434970960127,-0.15955275142864503,-0.19853044647769694
1610612739,2014-15,0.9614370499689164,0.9250073363752827,-0.12362637899004704,1.0081270824129334,0.03272164763877897,0.12026436500377842,0.39410947349171965,0.4068160958257089,-0.07239170490606228,0.6892114430000548,-0.3478594715909254
1610612742,2014-15,0.7246777232084632,0.5109522928500345,-0.21372029625494074,0.6717264395440538,0.9246938600174951,0.039483778125193505,-1.0001961146917808,-0.7624582161521422,-1.4127377551595084,0.40629004485715486,0.4826194926352852
1610612743,2014-15,-0.8800243803901626,-0.4261196477597412,0.2817962487019826,-0.694901172110769,-0.06117016419055968,-0.6067609169034772,0.12852745669486207,-0.021917818566171428,-0.49565887867030906,-0.8870649180818163,0.6057504431672467
1610612765,2014-15,-0.7221848292165272,-0.338950164912322,-0.10110289967382122,-0.23235028816605977,0.31439708312679493,-0.4451997431463102,0.5600982339897556,0.4457919062249707,-0.7778369945131403,-1.0083169458573449,-0.22996813597521656
1610612744,2014-15,2.0860438520810676,0.9903844485108508,-1.2272768654850164,2.080404131557487,1.6758283546522033,2.2205596238469547,-0.867405106293352,0.0950096126316141,-0.5662034076310168,1.2550542392858501,1.2371240405758157
1610612745,2014-15,1.2047730246949377,0.031520137189218075,-0.731760320528093,0.7137765199026637,-1.0000882824839452,-0.3644191562677253,0.19492296089407646,-0.5675791641558329,1.197409816386678,0.32545535967346917,0.7341210086154608
1610612754,2014-15,-0.24208952773005293,-0.6440433548782938,-0.7092368412118673,0.04097523416490481,-0.06117016419055968,-0.2836385693891404,-0.4358343289984603,1.342235545407993,-0.3545698207488935,-0.6849782051226021,-0.23258794343334474
1610612746,2014-15,1.2047730246949377,1.2518928970531116,-0.25876725488738916,1.4496529261783377,2.192233319713565,1.412753755061117,-0.9006028583929592,0.601695147822018,-1.6949158710023395,1.0125501837347932,0.22063874682260062
1610612747,2014-15,-1.6034556566026579,-0.7747975791494273,0.7998362729751349,-1.4938526989243577,0.17355936538278693,-0.8491026775392276,-0.3030433206000315,0.7575983894190654,-1.0600151103559694,-1.0891516310410305,0.12370587087190614
1610612763,2014-15,1.1258532491081201,-0.2299883113530457,-1.0470890309552259,0.7348015600819686,0.3613429890414642,-0.0412968087533914,-0.3694388247992459,0.601695147822018,-0.7778369945131403,-0.36163946438785927,-0.4552715773741289
1610612748,2014-15,-0.32100930331687066,-0.5786662427427287,0.05656145553974355,-0.6318260515728541,-0.9531423765692758,-0.6875415037820592,-0.5022298331976747,-0.5286033537565711,0.5625090557403079,0.0021166189387263694,-0.8037059693049989
1610612749,2014-15,0.0012464469959680537,-0.8401746912849924,-1.0020420723227774,0.12507539488212466,-0.6245210351665915,0.6857284731538642,-0.3030433206000315,-0.5675791641558329,1.550132461190215,-0.15955275142864503,0.06868991425124028
1610612750,2014-15,-2.0046311825023144,-0.8837594327087036,1.1376884627184936,-1.914353502510457,-0.4836833174225836,-0.5259803300248923,0.39410947349171965,-0.7234824057528803,0.2097864109367689,-0.9274822606736591,0.23373778411323412
1610612740,2014-15,0.32350219730880714,0.27123621501962475,0.101608414172192,0.16712547524073462,0.5491266127001405,0.12026436500377842,0.32771396929250524,0.4457919062249707,-0.7072924655524324,-0.11913540883680218,-0.5941213726548483
1610612752,2014-15,-1.9257114069154966,-1.5157381833525043,0.709742355710238,-2.1246039043035068,-0.4367374115079143,-0.20285798251055837,-0.3362410726996387,-0.37270011215952803,0.3508754688581845,-1.2912383440002448,-0.6543769441917668
1610612760,2014-15,0.32350219730880714,0.18406673217220554,-0.281290734203615,0.44045099757169914,-0.6714669410812609,-1.3337861988107298,0.62649373818897,1.147356493411684,-0.14293623386677007,-0.32122212179601645,0.5376354492559473
1610612753,2014-15,-1.281199906289819,-1.058098398403545,0.2142258107533115,-1.2415522167726982,-0.7184128469959302,-0.6067609169034772,-1.0001961146917808,0.601695147822018,0.2803309398974767,-0.6445608625307592,-0.012524116950688807
1610612755,2014-15,-1.8402149833631105,-2.387433011826715,-0.43895508941717976,-1.893328462331152,-1.7981686830333237,-1.1722250250535629,-0.2034500643012099,-0.5675791641558329,2.1144886928758773,-1.8570811402860448,0.4957185299259187
1610612756,2014-15,-0.15659310417766742,-0.360742535624176,-0.12362637899004704,-0.23235028816605977,-0.9531423765692758,-1.2530056119321464,-0.6018230894964944,-0.09986943936469511,0.0686973530153533,-0.11913540883680218,0.6922040892854321
1610612757,2014-15,0.803597498795281,0.27123621501962475,-0.6867133618956446,0.9030018815164085,0.31439708312679493,-0.12207739563197345,-0.568625337396889,1.0694048726131602,-0.7778369945131403,0.16378598930609778,0.13156529324628696
1610612758,2014-15,-0.9589441559769804,-0.29536542348861083,0.5295545211804474,-0.7790013328279889,-1.3756555298012998,-1.1722250250535629,0.460504977690934,0.5627193374227563,1.0563207584652625,0.08295130412241207,0.4197441136402385
1610612759,2014-15,1.1258532491081201,0.38019806857890104,-1.0020420723227774,1.3235026851025078,0.9716397659321644,1.170411994425365,-0.9006028583929592,1.147356493411684,-0.49565887867030906,0.6083767578163691,-0.028242961699450477
1610612761,2014-15,0.6457579476216455,0.9467997070871397,0.2817962487019826,0.6507013993647488,0.31439708312679493,-0.6875415037820592,0.06213195249564766,-0.4506517329580517,-1.1305596393166772,0.5275420726326834,-0.2876039000540106
1610612762,2014-15,-0.24208952773005293,-0.360742535624176,-0.3939081307847345,0.019950193985599843,-1.140926000227953,-0.9298832644178111,1.0912622675834707,0.5627193374227563,1.0563207584652625,-0.36163946438785927,-0.9058784601719461
1610612764,2014-15,0.40242197289562487,-0.6222509841664398,-0.7768072791605383,0.12507539488212466,0.2674511772121256,0.9280702337896161,-0.3694388247992459,0.9914532518146365,0.2803309398974767,-0.24038743661233072,-0.07015988102947912
1610612737,2015-16,0.5602615240692597,-0.27357305277675686,-1.1371829482201228,0.8189017207991885,0.7838561422734871,1.6550955156968687,-2.162117438178032,-0.09986943936469511,-0.07239170490606228,0.48712473004084056,0.8048558099848846
1610612738,2015-16,0.5602615240692597,-0.012064604234493069,-0.7542837998443157,0.6927514797233587,1.0185856718468338,0.36260612563952743,-0.3030433206000315,0.2509128542286615,-1.0600151103559694,-0.36163946438785927,1.2764211524477198
1610612751,2015-16,-1.6034556566026579,-0.7530052084375701,0.8674067109238061,-1.5569278194622727,-0.15506197601989832,0.039483778125193505,-0.6682185936957088,0.601695147822018,-0.0018471759453544837,-0.5233088347552307,0.40926488380773324
1610612766,2015-16,0.5602615240692597,0.11868962003664037,-0.4840020480496282,0.566601238647529,0.8777479541028258,-0.20285798251055837,-1.8301399171819608,2.082775942993968,-1.6949158710023395,0.20420333189794063,0.44070257330525286
1610612741,2015-16,0.08016622258278579,-0.38253490633603315,-0.07857942035759859,-0.2954254087039746,0.4552348008708018,0.039483778125193505,-0.3030433206000315,0.5237435270234944,-0.7778369945131403,-0.5637261773470735,0.5350156417978191
1610612739,2015-16,1.2836928002817547,0.9467997070871397,-0.43895508941717976,1.3235026851025078,0.5960725186148098,0.36260612563952743,-0.17025231220160272,1.6150662182028261,-0.7072924655524324,0.7296287855918977,-0.1932908315614443
1610612742,2015-16,0.08016622258278579,-0.07744171637005824,0.011514496907298305,-0.08517500691092499,0.8777479541028258,0.039483778125193505,-1.9297331734807823,0.874525820616851,-1.4832822841202162,0.16378598930609778,0.20491990207383895
1610612743,2015-16,-0.6432650536297094,-0.20819594064118857,0.5295545211804474,-0.694901172110769,0.03272164763877897,-0.0412968087533914,0.16172520879446925,1.2253081142102076,-0.14293623386677007,-0.36163946438785927,0.4669006478865235
1610612765,2015-16,0.2445824217219894,-0.12102645779376939,-0.21372029625494074,0.06200027434420978,-0.4836833174225836,-1.7376891332036488,0.460504977690934,2.0438001325947064,-0.9189260524345538,-0.7253955477144449,0.31233200785703874
1610612744,2015-16,2.5661391535675424,1.6659479405783628,-0.6867133618956446,2.2275794128126214,1.7227742605668726,2.7860237319970405,-1.0665916188909952,0.7575983894190654,-0.21348076282747785,2.144235776306393,1.4886255565559912
1610612745,2015-16,0.0012464469959680537,0.31482095644333585,0.32684320733443106,-0.001074846193705124,-0.7184128469959302,-0.4451997431463102,-0.07065905590278113,-0.3337243017602662,0.5625090557403079,0.5275420726326834,1.011820599176907
1610612754,2015-16,0.32350219730880714,-0.44791201847159834,-0.8218542377929867,0.33532579667517437,-0.5306292233372529,-0.6875415037820592,-0.9338006104925664,0.5237435270234944,-0.14293623386677007,-0.15955275142864503,0.7315012011573326
1610612746,2015-16,0.9614370499689164,0.2930285857314818,-0.7092368412118673,0.9450519618750184,1.0185856718468338,0.36260612563952743,-2.162117438178032,-0.13884524976395696,-1.4127377551595084,0.648794100408212,0.590031598418485
1610612747,2015-16,-1.9257114069154966,-1.1234755105391103,1.0025475868211482,-2.0405037435862865,-1.0939800943132838,-2.303153241353736,-0.9338006104925664,0.4457919062249707,-0.7778369945131403,-1.250821001408402,0.5219166045071857
1610612763,2015-16,0.08016622258278579,-0.25178068206489973,0.2817962487019826,-0.5056758104970244,0.07966755355344829,-0.7683220906606442,-0.037461303803173925,0.3288644750271852,-0.9189260524345538,-0.6445608625307592,-0.15923333460579278
1610612748,2015-16,0.5602615240692597,-0.07744171637005824,-0.4840020480496282,0.3563508368544793,-0.2958996937639063,-0.5259803300248923,-0.6350208415961016,1.108380683012422,-0.3545698207488935,0.20420333189794063,-0.10945699290138329
1610612749,2015-16,-0.6432650536297094,-0.5350815013190175,0.43946060391555053,-0.9472016542624285,-0.108116070105229,0.5241672993966973,-0.4358343289984603,-0.4506517329580517,0.4214199978188923,-0.11913540883680218,0.1289454857881588
1610612750,2015-16,-0.9589441559769804,-0.09923408708191225,0.709742355710238,-0.736951252469379,0.07966755355344829,0.5241672993966973,-0.6682185936957088,0.05603380223235226,0.1392418819760611,0.36587270226531204,0.43022334347274754
1610612740,2015-16,-0.8800243803901626,-0.2299883113530457,0.5746014798128959,-0.7790013328279889,0.5021807067854711,-0.12207739563197345,-1.5645579003851031,1.848921080598397,-1.1305596393166772,-0.11913540883680218,0.8074756174430128
1610612752,2015-16,-0.7221848292165272,-0.4261196477597412,0.1917023314370889,-0.5897759712142442,-0.06117016419055968,-0.7683220906606442,-0.6350208415961016,0.6796467686205417,-0.7778369945131403,-0.5233088347552307,-0.11469660781763595
1610612760,2015-16,1.1258532491081201,1.3608547506123878,-0.23624377557116655,1.5547781270748626,-0.4836833174225836,-0.20285798251055837,1.5892285490775768,0.7575983894190654,0.6330535847010157,1.0125501837347932,0.7812775428617458
1610612753,2015-16,-0.4788488544905061,-0.31715779420046486,0.03403797622352093,-0.33747548906258457,0.5960725186148098,0.5241672993966973,-0.9338006104925664,0.9914532518146365,-0.6367479365917247,-0.28080477920417357,0.5559741014628372
1610612755,2015-16,-2.4847264839887884,-1.6247000369117806,0.6196484384453411,-2.1456289444828114,-1.0939800943132838,-0.5259803300248923,-1.6309534045843175,-0.29474849136100434,0.8446871715831391,-0.8466475754899735,1.0170602140931597
1610612756,2015-16,-1.4456161054290222,-0.9491365448442688,0.46198408323177637,-1.367702457848528,-1.563439153459977,-1.2530056119321464,-0.07065905590278113,1.2642839246094695,1.4090434032687995,-0.5637261773470735,1.2659419226152109
1610612757,2015-16,0.2445824217219894,0.38019806857890104,0.2142258107533115,0.16712547524073462,-0.38979150559324494,-0.7683220906606442,-0.17025231220160272,1.0694048726131602,-0.21348076282747785,0.32545535967346917,0.6555267848716562
1610612758,2015-16,-0.6432650536297094,-0.12102645779376939,0.39441364528310213,-0.48465077031771936,-0.108116070105229,0.5241672993966973,-0.6018230894964944,0.64067095822128,0.49196452677960006,0.24462067448978347,1.5986574697973193
1610612759,2015-16,2.0860438520810676,0.7506683706804411,-1.722793410441943,2.3327046137091463,1.5819365428228644,1.4935343419397018,-1.0997893709906024,1.7709694597998735,-1.0600151103559694,0.9721328411429503,-0.0046646945763079714
1610612761,2015-16,1.2047730246949377,0.7506683706804411,-0.23624377557116655,0.9240269216957135,-0.5306292233372529,-1.6569085463250652,0.028934200396040465,1.381211355807255,-0.9894705813952617,0.48712473004084056,-0.31642178209340577
1610612762,2015-16,-0.07767332859084969,-0.18640356992933454,-0.5966194446307478,0.3773758770337843,-1.281763717971961,-1.4953473725678983,0.12852745669486207,1.1863323038109457,0.5625090557403079,0.0021166189387263694,-0.7591692425168421
1610612764,2015-16,0.0012464469959680537,-0.29536542348861083,-0.16867333762249548,-0.10620004709022997,0.6899643304441484,0.9280702337896161,-1.6309534045843175,1.4201871662065169,-0.5662034076310168,0.16378598930609778,1.2056863510782923
1610612737,2016-17,0.15908599816960353,-0.29536542348861083,-0.14614985830626967,-0.1482501274488399,-0.20200788193456765,0.36260612563952743,-0.568625337396889,0.64067095822128,0.49196452677960006,0.04253396153056922,0.8389133069405361
1610612738,2016-17,0.9614370499689164,1.0339691899345589,0.484507562547999,0.545576198468224,1.6758283546522033,1.4935343419397018,-1.3321736356878529,0.1729612334301378,-1.201104168277385,1.0933848689184789,0.6948238967435566
1610612751,2016-17,-1.6823754321894755,-0.49149675989530944,0.9575006281886997,-1.367702457848528,-1.1878719061426224,-0.8491026775392276,-1.9297331734807823,0.601695147822018,0.6330535847010157,0.44670738744899774,1.8842164827331462
1610612766,2016-17,-0.3999290789036884,0.5545370342737456,0.5746014798128959,-0.001074846193705124,2.192233319713565,0.5241672993966973,-1.730546660883139,1.887896890997659,-2.4003611606094175,0.2850380170816263,0.3568687346451956
1610612741,2016-17,0.0012464469959680537,0.14048199074849438,0.07908493485596937,0.06200027434420978,0.5491266127001405,-0.12207739563197345,0.39410947349171965,1.2642839246094695,-0.9189260524345538,-0.40205680697970214,0.3830668092264625
1610612739,2016-17,0.803597498795281,1.5134013455953752,0.8674067109238061,0.6507013993647488,0.5491266127001405,0.12026436500377842,-1.1661848751898167,0.8355500102175891,-0.9189260524345538,1.618810322612436,0.5716929462115952
1610612742,2016-17,-0.6432650536297094,-0.25178068206489973,0.4169371245993279,-0.6318260515728541,0.9716397659321644,-0.12207739563197345,-2.759676975970961,1.2642839246094695,-1.8360049289237552,0.04253396153056922,-0.37929716108844874
1610612743,2016-17,-0.07767332859084969,1.382647121324245,1.317876297248284,0.08302531452351475,0.6899643304441484,1.008850820668198,0.4937027297905412,2.0438001325947064,-0.21348076282747785,1.1338022115103217,1.2109259659945486
1610612765,2016-17,-0.32100930331687066,-0.12102645779376939,0.1917023314370889,-0.2954254087039746,1.1124774836761724,-0.6875415037820592,-0.4358343289984603,2.901267961378467,-2.1181830447665866,-0.7658128903062877,0.2520764363201202
1610612744,2016-17,2.0860438520810676,1.9492487598324806,-0.5515724859982993,2.395779734247061,2.4269628492869124,3.432268427025711,-0.9006028583929592,0.3288644750271852,-0.49565887867030906,2.3059051466737643,1.5226830535116427
1610612745,2016-17,1.1258532491081201,1.7967021648494932,0.5746014798128959,1.197352444026678,0.5960725186148098,0.9280702337896161,-0.6018230894964944,0.64067095822128,-0.21348076282747785,1.7400623503879644,1.569839587757924
1610612754,2016-17,0.08016622258278579,0.4455751807144693,0.5070310418642217,-0.04312492655231506,0.4082888949561325,0.20104495188236046,-1.4649646440862816,0.48476771662423257,-0.848381523473848,0.7296287855918977,0.5323958343396947
1610612746,2016-17,0.803597498795281,1.2954776384768227,0.37189016596687946,0.9240269216957135,0.9246938600174951,0.20104495188236046,-1.4317668919866744,1.2642839246094695,-1.4127377551595084,1.3763062670613788,0.5795523685859759
1610612747,2016-17,-1.2022801307030013,-0.12102645779376939,1.385446735196955,-1.4097525382071379,-0.7653587529105995,-1.0914444381749795,-0.5022298331976747,0.64067095822128,-0.0018471759453544837,-0.11913540883680218,1.231884425659563
1610612763,2016-17,0.15908599816960353,0.2494438443077707,0.14665537280464044,0.10405035470281972,0.5021807067854711,-0.3644191562677253,-0.13705456010199552,1.1863323038109457,-1.1305596393166772,-0.19997009402048788,-0.4500319624578725
1610612748,2016-17,0.0012464469959680537,0.336613327155193,0.12413189348841783,0.20917555559934453,0.17355936538278693,-0.5259803300248923,-0.5022298331976747,0.6796467686205417,-0.9189260524345538,0.04253396153056922,0.24945662886199577
1610612749,2016-17,0.08016622258278579,0.5763294049855996,0.642171917761567,-0.04312492655231506,0.8777479541028258,1.25119258130395,-1.2989758835882455,0.21193704382939965,-0.49565887867030906,1.0125501837347932,0.11322664103939711
1610612750,2016-17,-0.8011046048033449,0.9032149656634286,1.1376884627184936,-0.19030020780744983,0.6899643304441484,0.6049478862752793,0.32771396929250524,0.36784028542644703,-0.49565887867030906,0.6083767578163691,0.24159720648761496
1610612740,2016-17,-0.5577686300773239,-0.25178068206489973,0.2142258107533115,-0.44260068995910945,1.065531577761503,0.12026436500377842,-2.361303950775675,1.0694048726131602,-1.6949158710023395,-0.03830072365311648,1.048497903590683
1610612752,2016-17,-0.8011046048033449,0.27123621501962475,1.092641504086045,-0.7579762926486839,0.1266134594681176,-0.5259803300248923,0.19492296089407646,-0.09986943936469511,-0.7072924655524324,-0.24038743661233072,0.5428750641722
1610612760,2016-17,0.4813417484824419,0.4455751807144693,0.2817962487019826,0.16712547524073462,-0.6714669410812609,-1.1722250250535629,0.7924824986870059,1.6150662182028261,-0.07239170490606228,0.0021166189387263694,0.9489452201818641
1610612753,2016-17,-0.9589441559769804,-0.46970438918345236,1.0025475868211482,-1.367702457848528,0.5960725186148098,-0.12207739563197345,-1.0665916188909952,0.9914532518146365,-1.1305596393166772,-0.6445608625307592,0.6136098655416276
1610612755,2016-17,-1.0444405795293659,-0.6876280963020049,0.5295545211804474,-1.1574520560554782,-0.5306292233372529,0.36260612563952743,-0.867405106293352,0.3288644750271852,0.9857762295045547,-0.03830072365311648,1.1821080839551499
1610612756,2016-17,-1.3601196818766368,0.0533125079010721,1.2277823799833871,-1.0943769355175634,-1.281763717971961,-2.0608114807179843,-0.004263551703566731,0.6796467686205417,-0.07239170490606228,-0.07871806624495933,1.6484338115017287
1610612757,2016-17,0.0012464469959680537,0.7724607413922983,0.9349771488724771,-0.12722508726953494,-0.014224258275890356,-0.7683220906606442,-1.0001961146917808,0.7575983894190654,-0.9894705813952617,0.7700461281837405,0.7393606235317134
1610612758,2016-17,-0.7221848292165272,0.1622743614603484,1.1151649834022677,-0.8841265337245137,-0.014224258275890356,0.28182553876094535,-1.36537138778746,0.874525820616851,-0.07239170490606228,0.648794100408212,0.22587836173885328
1610612759,2016-17,1.6059485505945938,0.9685920777989937,-0.6641898825794188,1.5547781270748626,1.065531577761503,0.9280702337896161,-0.568625337396889,1.147356493411684,-0.848381523473848,0.9721328411429503,0.07916914408374931
1610612761,2016-17,0.803597498795281,1.2083081556294035,0.2817962487019826,0.9030018815164085,-0.38979150559324494,-1.9800308938394007,-0.2698455685004243,0.64067095822128,-1.4832822841202162,0.8508808133674262,0.22325855428072508
1610612762,2016-17,0.803597498795281,0.6852912585448759,-0.25876725488738916,0.9030018815164085,-0.2958996937639063,-0.6067609169034772,-0.9669983625921735,1.6540420286020878,-0.3545698207488935,0.9317154985511075,-0.646517521817386
1610612764,2016-17,0.6457579476216455,0.9903844485108508,0.6646953970777896,0.3563508368544793,0.6430184245294791,0.5241672993966973,-0.4358343289984603,0.601695147822018,-0.7072924655524324,0.9721328411429503,0.8860698411868174
1610612737,2017-18,-1.3601196818766368,-0.31715779420046486,0.9575006281886997,-1.199502136414088,-0.06117016419055968,0.5241672993966973,-1.199382627289424,0.7186225790198036,0.2803309398974767,0.2850380170816263,1.1008940527532207
1610612738,2017-18,1.1258532491081201,0.20585910288405956,-0.5966194446307478,0.7558266002612737,0.2674511772121256,0.039483778125193505,-1.199382627289424,1.4981387870050404,-0.6367479365917247,0.48712473004084056,0.5743127536697233
1610612751,2017-18,-1.0444405795293659,0.0533125079010721,0.8674067109238061,-0.7579762926486839,0.07966755355344829,0.28182553876094535,-1.5977556524847103,1.1863323038109457,-0.14293623386677007,0.44670738744899774,1.3366767239846347
1610612766,2017-18,-0.3999290789036884,0.6852912585448759,0.709742355710238,-0.02209988637301009,0.7369102363588178,-0.6875415037820592,-0.9338006104925664,2.433558236587325,-1.7654603999630474,0.36587270226531204,1.07469597817195
1610612741,2017-18,-1.1233603551161835,-0.5350815013190175,1.0475945454535966,-1.4728276587450526,0.6430184245294791,0.28182553876094535,-1.4317668919866744,2.589461478184372,-0.848381523473848,-0.44247414957154496,1.0720761707138255
1610612739,2017-18,0.7246777232084632,1.339062379900534,1.1827354213509387,0.20917555559934453,0.7369102363588178,0.44338671251811235,-1.863337669281568,1.147356493411684,-0.9894705813952617,1.7804796929798072,1.0904148229207116
1610612742,2017-18,-1.3601196818766368,-0.09923408708191225,0.5746014798128959,-0.6108010113935491,1.4410988250788577,0.28182553876094535,-2.4940949591741037,1.887896890997659,-1.8360049289237552,0.16378598930609778,0.516676989590933
1610612743,2017-18,0.40242197289562487,1.2083081556294035,0.9349771488724771,0.2932757163165644,0.6430184245294791,1.008850820668198,0.028934200396040465,1.381211355807255,-0.14293623386677007,1.2146368966940073,0.8205746547336462
1610612765,2017-18,-0.15659310417766742,0.1622743614603484,0.1917023314370889,-0.02209988637301009,0.7369102363588178,0.12026436500377842,-1.0001961146917808,1.5371145974043023,-1.0600151103559694,0.12336864671425492,0.5743127536697233
1610612744,2017-18,1.3626125758685725,1.5134013455953752,0.2142258107533115,1.239402524385288,1.6758283546522033,3.189926666389959,-1.863337669281568,0.4457919062249707,-0.0018471759453544837,2.5484092022248213,1.5174434385953863
1610612745,2017-18,1.928204300907433,1.7967021648494932,-0.03353246172515014,1.7650285288679122,0.07966755355344829,-0.4451997431463102,-1.4981623961858888,1.926872701396921,-0.848381523473848,2.0229837485308644,0.9070283008518317
1610612754,2017-18,0.5602615240692597,0.5763294049855996,0.32684320733443106,0.27225067613725945,0.5960725186148098,-0.12207739563197345,-0.9338006104925664,0.7965741998183273,-1.201104168277385,0.6892114430000548,0.5978910207928658
1610612746,2017-18,0.08016622258278579,0.7724607413922983,0.7547893143426865,0.04097523416490481,-0.108116070105229,-0.3644191562677253,-0.5022298331976747,0.6796467686205417,-0.42511434970960127,0.9721328411429503,1.305239034487115
1610612747,2017-18,-0.4788488544905061,0.031520137189218075,0.32684320733443106,-0.2744003685246697,-0.15506197601989832,0.039483778125193505,-0.6682185936957088,1.108380683012422,0.1392418819760611,0.32545535967346917,1.6615328487923657
1610612763,2017-18,-1.52453588101584,-0.49149675989530944,1.0250710661373739,-1.4307775783864427,-0.4836833174225836,-0.2836385693891404,-0.7678118499945304,0.7965741998183273,0.2097864109367689,-0.03830072365311648,0.28613393327577175
1610612748,2017-18,0.2445824217219894,0.07510487861292922,-0.011008982408927519,0.08302531452351475,0.17355936538278693,0.12026436500377842,-1.2657781314886383,1.5760904078035642,-0.3545698207488935,0.44670738744899774,0.40402526889147683
1610612749,2017-18,0.2445824217219894,0.6852912585448759,0.7322658350264607,-0.04312492655231506,0.6430184245294791,0.6049478862752793,-1.8301399171819608,0.3288644750271852,-0.7778369945131403,1.2550542392858501,0.6476673624972753
1610612750,2017-18,0.4813417484824419,1.4480242334598101,0.9800241075049255,0.48250107793030905,1.3002611073348496,0.039483778125193505,-0.3362410726996387,0.7575983894190654,-1.7654603999630474,1.052967526326636,0.5743127536697233
1610612740,2017-18,0.5602615240692597,0.5763294049855996,0.34936668665065684,0.23020059577864954,1.1594233895908417,1.6550955156968687,-1.9629309255803895,0.9914532518146365,-0.5662034076310168,1.335888924469536,1.8134816813637225
1610612752,2017-18,-0.9589441559769804,0.09689724932478325,0.8674067109238061,-0.715926212290074,0.17355936538278693,0.20104495188236046,-0.3362410726996387,1.0304290622138983,-0.21348076282747785,0.16378598930609778,0.8074756174430128
1610612760,2017-18,0.5602615240692597,0.9250073363752827,0.12413189348841783,0.7768516404405786,-0.06117016419055968,-0.9298832644178111,0.6928892423881844,0.9524774414153747,-0.7072924655524324,0.24462067448978347,0.7288813936992081
1610612753,2017-18,-1.281199906289819,-0.25178068206489973,0.7998362729751349,-0.9892517346210385,0.31439708312679493,0.44338671251811235,-1.6973489087835318,0.5237435270234944,-0.42511434970960127,0.20420333189794063,1.0537375185069358
1610612755,2017-18,0.8825172743820987,0.5763294049855996,-0.43895508941717976,0.9660770020543233,0.4552348008708018,1.7358761025754537,-0.4358343289984603,1.381211355807255,0.7035981136617234,1.1338022115103217,1.6222357369204616
1610612756,2017-18,-1.6034556566026579,-0.6658357255901509,1.317876297248284,-1.893328462331152,-0.9061964706546065,-1.0914444381749795,-0.9338006104925664,0.9135016310161128,0.1392418819760611,-0.32122212179601645,1.7244082277874089
1610612757,2017-18,0.6457579476216455,0.5545370342737456,-0.03353246172515014,0.566601238647529,-0.4836833174225836,-1.5761279594464819,-0.6682185936957088,1.7709694597998735,-0.9894705813952617,0.36587270226531204,0.6686258221622896
1610612758,2017-18,-1.1233603551161835,-0.6004586134545857,1.0250710661373739,-1.5359027792829676,0.1266134594681176,-0.2836385693891404,-1.1661848751898167,1.1863323038109457,-0.7072924655524324,-0.44247414957154496,0.2468368214038676
1610612759,2017-18,0.4813417484824419,0.27123621501962475,-0.3939081307847345,0.6296763591854438,0.8777479541028258,0.28182553876094535,-0.7346140978949232,1.5760904078035642,-1.1305596393166772,0.12336864671425492,0.29923297056640524
1610612761,2017-18,1.4481089994209584,1.5569860870190864,-0.12362637899004704,1.6178532476127774,1.3002611073348496,0.7665090600324462,-0.8342073541937448,0.9524774414153747,-1.271648697238093,1.4167236096532216,0.9070283008518317
1610612762,2017-18,0.5602615240692597,0.336613327155193,-0.6416664032631961,0.9240269216957135,-0.06117016419055968,0.12026436500377842,-1.4317668919866744,2.160727563792492,-0.07239170490606228,0.9721328411429503,0.5297760268815666
1610612764,2017-18,0.15908599816960353,0.4891599221381773,0.4169371245993279,0.08302531452351475,0.8777479541028258,1.170411994425365,-0.8342073541937448,1.2253081142102076,-0.3545698207488935,0.8104634707755833,0.8153350398173936
1610612737,2018-19,-0.9589441559769804,0.358405697867047,1.6332050076754168,-1.1574520560554782,-0.108116070105229,0.6049478862752793,-0.5022298331976747,0.6796467686205417,0.6330535847010157,0.6083767578163691,2.6203823784667906
1610612738,2018-19,0.6457579476216455,1.1865157849175463,0.25927276938575994,0.9030018815164085,2.380016943372242,1.4935343419397018,-1.3985691398870672,1.0694048726131602,-1.8360049289237552,1.0933848689184789,1.5384018982604044
1610612751,2018-19,0.08016622258278579,0.6634988878330219,0.709742355710238,-0.02209988637301009,0.17355936538278693,-0.0412968087533914,-0.568625337396889,0.7575983894190654,-0.49565887867030906,0.648794100408212,1.8239609111962278
1610612766,2018-19,-0.15659310417766742,1.0557615606464161,1.385446735196955,-0.2744003685246697,1.6758283546522033,0.039483778125193505,-1.033393866791388,1.1863323038109457,-2.188727573727294,0.5679594152245263,1.2109259659945486
1610612741,2018-19,-1.52453588101584,-0.29536542348861083,1.5656345697267458,-1.7461531810760174,0.03272164763877897,-0.5259803300248923,-1.8965354213811751,1.0304290622138983,-0.848381523473848,0.04253396153056922,1.2423636554920683
1610612739,2018-19,-1.761295207776293,0.20585910288405956,2.4665737423757017,-2.1035788641242017,-0.014224258275890356,-1.0914444381749795,-0.568625337396889,1.2253081142102076,-1.0600151103559694,0.0021166189387263694,0.736740816073589
1610612742,2018-19,-0.6432650536297094,0.6199141464093108,0.9575006281886997,-0.3164504488832796,0.4552348008708018,0.039483778125193505,-0.867405106293352,1.3032597350087314,-0.7778369945131403,0.6083767578163691,1.320957879235873
1610612743,2018-19,1.0469334735213023,1.3608547506123878,0.5070310418642217,0.8399267609784935,2.333071037457574,1.8974372763326206,0.29451621719289806,1.6930178390013497,-1.201104168277385,0.7296287855918977,1.0301592513837932
1610612765,2018-19,0.0012464469959680537,0.5545370342737456,0.642171917761567,-0.06414996673162002,0.4082888949561325,-0.3644191562677253,-0.2698455685004243,1.7319936494006116,-0.9189260524345538,0.16378598930609778,0.8703509964380557
1610612744,2018-19,1.2836928002817547,1.9928335012561917,0.6196484384453411,1.3655527654611177,2.4269628492869124,2.7860237319970405,-1.3985691398870672,1.0304290622138983,-0.9894705813952617,2.2654878040819213,1.8815966752750182
1610612745,2018-19,0.9614370499689164,1.9710411305443376,0.9575006281886997,1.0081270824129334,0.22050527129745626,-0.8491026775392276,-1.0001961146917808,-0.021917818566171428,-1.271648697238093,1.6592276652042788,1.0039611768025263
1610612754,2018-19,0.5602615240692597,0.7724607413922983,0.03403797622352093,0.7137765199026637,1.6758283546522033,1.5743149288182838,-1.0001961146917808,0.8355500102175891,-0.9894705813952617,0.8508808133674262,1.0694563632556973
1610612746,2018-19,0.5602615240692597,1.2083081556294035,1.0250710661373739,0.20917555559934453,0.5021807067854711,0.12026436500377842,-1.199382627289424,0.8355500102175891,-0.848381523473848,1.4167236096532216,2.1226189614226882
1610612747,2018-19,-0.32100930331687066,0.336613327155193,0.6872188763940155,-0.33747548906258457,0.4082888949561325,0.6857284731538642,-0.9669983625921735,0.9524774414153747,-0.21348076282747785,0.5679594152245263,2.3688808624866113
1610612763,2018-19,-0.6432650536297094,-0.05564934565820421,0.484507562547999,-0.5056758104970244,0.7838561422734871,0.7665090600324462,-1.730546660883139,0.9135016310161128,-0.7072924655524324,0.32545535967346917,0.6791050519947986
1610612748,2018-19,-0.15659310417766742,0.18406673217220554,0.2817962487019826,-0.08517500691092499,0.5021807067854711,0.5241672993966973,-0.2698455685004243,1.1863323038109457,-0.28402529178818564,0.08295130412241207,1.0930346303788399
1610612749,2018-19,1.5270287750077762,1.6659479405783628,-0.21372029625494074,1.8070786092265219,1.5819365428228644,1.089631407546783,-1.6309534045843175,2.1997033741917535,-1.4127377551595084,1.7400623503879644,2.3610214401122303
1610612750,2018-19,-0.3999290789036884,1.0339691899345589,1.4304936938294035,-0.33747548906258457,1.5819365428228644,0.36260612563952743,-0.2366478164008171,0.3288644750271852,-1.6949158710023395,0.48712473004084056,1.6562932338761094
1610612740,2018-19,-0.6432650536297094,1.0557615606464161,1.385446735196955,-0.2744003685246697,1.3002611073348496,1.3319731681825349,-0.4690320810980675,1.108380683012422,-0.7778369945131403,0.9317154985511075,2.4448552787722915
1610612752,2018-19,-1.9257114069154966,-0.4043272770478872,1.5881580490429716,-1.872303422151847,-0.5306292233372529,-1.6569085463250652,-1.1661848751898167,0.64067095822128,-0.9189260524345538,-0.44247414957154496,1.4676670968909769
1610612760,2018-19,0.6457579476216455,0.8596302242397175,0.14665537280464044,0.7137765199026637,0.5960725186148098,-0.5259803300248923,-0.037461303803173925,1.4591629766057788,-1.3421932261988005,0.20420333189794063,2.311245098407821
1610612753,2018-19,0.08016622258278579,0.5109522928500345,0.39441364528310213,0.12507539488212466,1.8636119783108804,1.3319731681825349,-1.3321736356878529,2.082775942993968,-1.4127377551595084,0.40629004485715486,1.0720761707138255
1610612755,2018-19,0.803597498795281,1.2518928970531116,0.709742355710238,0.545576198468224,1.206369295505511,1.412753755061117,-0.701416345795316,1.5760904078035642,-0.6367479365917247,1.3763062670613788,2.104280309215802
1610612756,2018-19,-1.761295207776293,-0.12102645779376939,1.8809632801538816,-1.872303422151847,-0.06117016419055968,0.28182553876094535,-1.730546660883139,-0.6845065953536185,-0.0018471759453544837,0.48712473004084056,1.727028035245537
1610612757,2018-19,0.9614370499689164,1.709532682002074,0.8223597522913576,0.8819768413371035,0.5491266127001405,-0.2836385693891404,0.29451621719289806,1.4981387870050404,-1.1305596393166772,1.1338022115103217,1.4152709477284393
1610612758,2018-19,-0.15659310417766742,0.8160454828160063,1.1151649834022677,-0.2533753283453647,1.6758283546522033,0.6049478862752793,-1.033393866791388,0.48476771662423257,-1.7654603999630474,0.5679594152245263,2.4422354713141634
1610612759,2018-19,0.5602615240692597,1.382647121324245,1.0701180247698192,0.33532579667517437,2.2861251315429034,0.9280702337896161,-1.7637444129827462,1.6930178390013497,-2.188727573727294,1.2954715818776932,1.1323317422507404
1610612761,2018-19,1.3626125758685725,1.4698166041716643,0.2142258107533115,1.218377484205983,1.2533152014201803,1.008850820668198,-1.1329871230902095,0.9914532518146365,-1.0600151103559694,1.578392980020593,1.5593603579254187
1610612762,2018-19,0.7246777232084632,0.9685920777989937,-0.12362637899004704,1.0501771627715433,0.8308020481881564,1.25119258130395,-0.8010096020941376,2.2776549949902773,-0.28402529178818564,1.2954715818776932,1.6458140040436042
1610612764,2018-19,-0.7221848292165272,0.9467997070871397,1.5881580490429716,-0.5687509310349392,1.5349906369081963,1.170411994425365,-1.5645579003851031,0.21193704382939965,-1.201104168277385,1.0933848689184789,2.009967240723236
1610612737,2019-20,-1.3206597940832279,0.2494438443077707,1.92601023878633,-1.5569278194622727,-0.2958996937639063,-0.0412968087533914,-1.0665916188909952,0.28988866462792334,0.1392418819760611,0.5679594152245263,2.285047023826554
1610612738,2019-20,1.0995466572458474,1.5134013455953752,0.14665537280464044,1.3235026851025078,0.5491266127001405,-0.20285798251055837,-0.5354275852972818,1.1863323038109457,-1.1305596393166772,1.2146368966940073,1.404791717895934
1610612751,2019-20,-0.09082662452198598,0.6199141464093108,0.7547893143426865,-0.10620004709022997,0.2674511772121256,0.28182553876094535,-0.6350208415961016,1.381211355807255,-0.3545698207488935,0.5679594152245263,1.8711174454425128
1610612766,2019-20,-0.9589441559769804,0.009727766477364053,1.5656345697267458,-1.4728276587450526,0.4082888949561325,0.6049478862752793,-0.6350208415961016,0.21193704382939965,-0.21348076282747785,-0.03830072365311648,0.44070257330525286
1610612741,2019-20,-1.0641705234260703,-0.012064604234493069,0.6872188763940155,-0.6528510917521592,-0.20200788193456765,-0.0412968087533914,-1.0665916188909952,0.7186225790198036,-0.0018471759453544837,0.2850380170816263,1.5462613206347815
1610612739,2019-20,-1.366696329842205,0.22765147359591667,2.016104156051224,-1.6620530203587975,-0.6714669410812609,-0.12207739563197345,-0.10385680800238832,1.4591629766057788,0.8446871715831391,0.5275420726326834,1.2083061585364205
1610612742,2019-20,0.4813417484824419,2.1889648376628905,1.2052589006671646,1.0081270824129334,1.8636119783108804,0.6049478862752793,-0.8010096020941376,1.5371145974043023,-1.906549457884463,1.6592276652042788,1.396932295521553
1610612743,2019-20,0.8562106825198261,1.4698166041716643,1.0250710661373739,0.46147603775100415,1.8636119783108804,1.7358761025754537,-0.17025231220160272,0.9524774414153747,-0.9894705813952617,1.0933848689184789,0.8074756174430128
1610612765,2019-20,-1.2943532022209554,0.6417065171211648,1.4530171731456263,-0.736951252469379,0.17355936538278693,0.6049478862752793,-0.7346140978949232,0.64067095822128,0.1392418819760611,0.8508808133674262,0.8651113815218031
1610612744,2019-20,-1.7678718557418611,-0.31715779420046486,1.6106815283591942,-1.809228301613932,0.8308020481881564,1.008850820668198,-1.4649646440862816,0.8355500102175891,-0.49565887867030906,0.0021166189387263694,1.6982101532061418
1610612745,2019-20,0.7312543711740314,1.4480242334598101,0.8899301902400286,0.566601238647529,-0.34284559967857564,-1.1722250250535629,-1.6641511566839247,0.48476771662423257,-0.9189260524345538,1.53797563742875,2.4841523906441956
1610612754,2019-20,0.764137611001872,0.7942531121041523,0.37189016596687946,0.39840091721308923,1.9105578842255497,1.5743149288182838,-1.863337669281568,0.6796467686205417,-1.4832822841202162,1.0125501837347932,1.2711815375314635
1610612746,2019-20,1.1916197287638015,1.6223631991546517,0.23674929006953735,1.3235026851025078,0.4082888949561325,-0.0412968087533914,-0.701416345795316,1.4201871662065169,-0.7778369945131403,1.4975582948369073,1.991628588516346
1610612747,2019-20,1.5270287750077762,1.2736852677649686,0.05656145553974355,1.176327403847373,0.5960725186148098,0.8472896469110311,-0.5354275852972818,1.4201871662065169,-0.28402529178818564,1.335888924469536,1.7401270725361704
1610612763,2019-20,-0.2223595838333485,0.6199141464093108,0.8674067109238061,-0.21132524798675478,1.065531577761503,1.412753755061117,-0.9338006104925664,1.2642839246094695,-0.42511434970960127,0.8508808133674262,2.2929064462009348
1610612748,2019-20,0.6786411874494862,1.3172700091886798,0.7773127936589092,0.566601238647529,0.9246938600174951,1.4935343419397018,-1.3985691398870672,2.0438001325947064,-0.28402529178818564,1.901731720755336,1.085175208004459
1610612749,2019-20,1.7572114538026613,1.3172700091886798,-0.7542837998443157,1.975278930660962,0.7838561422734871,0.8472896469110311,-1.9297331734807823,2.901267961378467,-0.7778369945131403,1.7400623503879644,2.8692640869888417
1610612750,2019-20,-1.333813090014364,0.38019806857890104,1.2953528179320581,-0.8420764533659038,0.03272164763877897,-0.20285798251055837,-1.1661848751898167,1.1863323038109457,-0.49565887867030906,0.44670738744899774,2.4579543160629247
1610612740,2019-20,-0.5446153341461876,1.012176819222705,1.3403997765645066,-0.2744003685246697,0.4552348008708018,1.170411994425365,-0.40263657689885307,1.108380683012422,0.2097864109367689,1.1338022115103217,2.4448552787722915
1610612752,2019-20,-1.195703482737433,0.009727766477364053,1.475540652461852,-1.367702457848528,-0.014224258275890356,-0.7683220906606442,0.028934200396040465,1.6150662182028261,-0.7072924655524324,-0.36163946438785927,1.1925873137876588
1610612760,2019-20,0.7312543711740314,0.9250073363752827,0.5070310418642217,0.44045099757169914,0.17355936538278693,-0.5259803300248923,-1.9297331734807823,1.0694048726131602,-1.1305596393166772,1.335888924469536,1.2738013449895915
1610612753,2019-20,-0.31443265535130255,0.4455751807144693,0.7547893143426865,-0.2744003685246697,1.488044730993527,0.44338671251811235,-1.0665916188909952,1.887896890997659,-1.6949158710023395,0.16378598930609778,1.1611496242901354
1610612755,2019-20,0.5865681159315322,1.0557615606464161,0.5746014798128959,0.48250107793030905,1.3002611073348496,1.25119258130395,-0.6018230894964944,2.0438001325947064,-0.7778369945131403,1.052967526326636,1.3183380717777484
1610612756,2019-20,-0.2223595838333485,1.1865157849175463,1.1151649834022677,0.10405035470281972,1.3941529191641884,1.8166566894540357,-1.2657781314886383,1.3032597350087314,-0.5662034076310168,1.4571409522450645,1.8815966752750182
1610612757,2019-20,-0.17632304807437185,1.6005708284427975,1.9034867594701044,-0.23235028816605977,0.31439708312679493,-1.4145667856893147,-1.0997893709906024,0.4457919062249707,-1.906549457884463,1.2146368966940073,1.7322676501617897
1610612758,2019-20,-0.45254226262823355,0.7942531121041523,1.250305859299613,-0.40055060960049943,0.4552348008708018,0.36260612563952743,-1.36537138778746,1.381211355807255,-0.6367479365917247,1.052967526326636,1.320957879235873
1610612759,2019-20,-0.32100930331687066,1.2736852677649686,1.5205876110942973,-0.19030020780744983,1.9575037901402192,0.7665090600324462,-2.195315190277639,1.9658485117961826,-2.1181830447665866,1.2954715818776932,1.7244082277874089
1610612761,2019-20,1.5533353668700487,1.07755393135827,-0.25876725488738916,1.2814526047438979,0.7369102363588178,0.9280702337896161,-1.4317668919866744,0.7965741998183273,-0.49565887867030906,1.3763062670613788,1.7375072650780423
1610612762,2019-20,0.7312543711740314,1.2954776384768227,0.7773127936589092,0.524551158288919,-0.2958996937639063,-0.12207739563197345,-1.2657781314886383,1.7709694597998735,-0.07239170490606228,1.82089703557165,1.2030665436201677
1610612764,2019-20,-1.0049806917359574,0.9467997070871397,1.9935806767350013,-0.9472016542624285,1.065531577761503,0.5241672993966973,-1.232580379389031,0.4457919062249707,-1.201104168277385,0.8912981559592691,2.311245098407821
1610612737,2020-21,0.4550351566201693,1.8402869062732043,1.4079702145131778,0.46147603775100415,1.3002611073348496,0.5241672993966973,-0.5022298331976747,1.6150662182028261,-1.4127377551595084,1.6592276652042788,1.0799355930882064
1610612738,2020-21,0.0012464469959680537,1.5787784577309405,1.3403997765645066,0.2512256359579545,0.5960725186148098,0.12026436500377842,-0.3362410726996387,1.4201871662065169,-0.848381523473848,1.3763062670613788,1.148050586999502
1610612751,2020-21,1.0995466572458474,2.494058027628862,1.6332050076754168,0.8819768413371035,2.0513956019695576,1.8974372763326206,-1.5645579003851031,0.9914532518146365,-1.3421932261988005,2.831330600367721,1.496484978930372
1610612766,2020-21,-0.2749727675578937,0.9250073363752827,1.385446735196955,-0.40055060960049943,1.2533152014201803,1.8166566894540357,-0.7678118499945304,0.8355500102175891,-0.28402529178818564,0.9721328411429503,1.1637694317482636
1610612741,2020-21,-0.45254226262823355,0.9903844485108508,1.2728293386158356,-0.23235028816605977,1.065531577761503,1.8166566894540357,-1.0665916188909952,2.589461478184372,-0.14293623386677007,1.4167236096532216,1.3157182643196204
1610612739,2020-21,-1.274623258324251,-0.1428188285056234,1.7232989249403137,-1.7461531810760174,-0.014224258275890356,0.44338671251811235,-0.6350208415961016,1.108380683012422,0.2803309398974767,0.12336864671425492,0.89130945610307
1610612742,2020-21,0.5471082281381233,1.9056640184087694,1.4530171731456263,0.48250107793030905,1.6758283546522033,0.20104495188236046,-1.531360148285496,1.3032597350087314,-2.1181830447665866,1.6996450077961216,0.8860698411868174
1610612743,2020-21,1.0074735857278934,2.2761343205103093,1.2728293386158356,1.0081270824129334,2.098341507884227,1.8974372763326206,-0.2366478164008171,1.9658485117961826,-1.201104168277385,1.9421490633471787,0.8336736920242798
1610612765,2020-21,-1.4587694013601586,0.38019806857890104,1.4304936938294035,-0.9472016542624285,0.3613429890414642,0.6857284731538642,-1.0665916188909952,0.9524774414153747,-0.14293623386677007,0.648794100408212,0.9515650276399885
1610612744,2020-21,0.2774656615498301,1.012176819222705,0.7998362729751349,0.23020059577864954,1.3941529191641884,2.1397790369683727,-2.560490463373318,1.0304290622138983,-0.49565887867030906,1.7400623503879644,2.1619160732945923
1610612745,2020-21,-1.7349886159140206,0.2494438443077707,1.92601023878633,-1.5569278194622727,0.2674511772121256,0.20104495188236046,-1.9629309255803895,0.874525820616851,-0.5662034076310168,0.5275420726326834,1.8684976379843845
1610612754,2020-21,-0.18289969603994,1.3172700091886798,1.3629232558807325,0.019950193985599843,2.2391792256282352,1.8166566894540357,-1.730546660883139,0.017057991833090418,-1.553826813080924,1.4167236096532216,1.9628107064769509
1610612746,2020-21,1.0074735857278934,2.3633038033577316,1.0701180247698192,1.2814526047438979,1.4410988250788577,0.9280702337896161,-0.9669983625921735,2.082775942993968,-1.271648697238093,2.38673983185745,0.8048558099848846
1610612747,2020-21,0.5471082281381233,0.8596302242397175,0.2142258107533115,0.6086513190061389,0.3613429890414642,0.8472896469110311,-1.0001961146917808,1.848921080598397,-0.07239170490606228,1.1742195541021645,1.1244723198763595
1610612763,2020-21,0.1853925900318761,1.2736852677649686,1.0475945454535966,0.2512256359579545,2.2861251315429034,1.5743149288182838,-0.4690320810980675,1.381211355807255,-1.553826813080924,0.8104634707755833,1.6274753518367142
1610612748,2020-21,0.3695387330677842,1.0339691899345589,1.092641504086045,-0.02209988637301009,1.5349906369081963,2.0589984500897875,-1.9629309255803895,1.2642839246094695,-0.6367479365917247,1.6592276652042788,0.663386207246037
1610612749,2020-21,0.9154005142099394,2.3197190619340207,1.092641504086045,1.218377484205983,1.3941529191641884,0.8472896469110311,-1.0001961146917808,2.12175175339323,-1.3421932261988005,2.144235776306393,2.172395303127098
1610612750,2020-21,-1.189126834771865,0.7506683706804411,1.9485337181025528,-1.1154019756968683,1.206369295505511,0.8472896469110311,-0.9338006104925664,0.64067095822128,-0.9894705813952617,0.6083767578163691,1.9392324393538083
1610612740,2020-21,-0.45254226262823355,1.5569860870190864,1.6782519663078652,-0.06414996673162002,1.1124774836761724,1.089631407546783,0.09532970459525486,2.12175175339323,-0.6367479365917247,1.2146368966940073,1.5672197802997996
1610612752,2020-21,0.4550351566201693,0.9467997070871397,0.43946060391555053,0.503526118109614,0.5021807067854711,-0.5259803300248923,-1.1661848751898167,1.4591629766057788,-1.4127377551595084,0.7700461281837405,0.46166103297026717
1610612760,2020-21,-1.274623258324251,-0.6658357255901509,1.700775445624091,-2.229729105200031,-0.8123046588252678,-0.6875415037820592,-1.4981623961858888,1.6150662182028261,0.3508754688581845,-0.03830072365311648,1.8475391783193702
1610612753,2020-21,-1.366696329842205,-0.27357305277675686,1.8133928422052106,-1.9564035828690671,0.7369102363588178,-0.5259803300248923,-1.5645579003851031,1.6930178390013497,-1.6949158710023395,-0.5233088347552307,1.2083061585364205
1610612755,2020-21,1.1916197287638015,1.4480242334598101,0.25927276938575994,1.1553023636680682,0.4552348008708018,0.20104495188236046,-0.7346140978949232,1.4201871662065169,-0.7072924655524324,1.578392980020593,1.4571878670584715
1610612756,2020-21,1.3691892238341408,2.2761343205103093,1.0250710661373739,1.239402524385288,2.8494760025189354,2.1397790369683727,-1.6973489087835318,1.5760904078035642,-1.906549457884463,2.3059051466737643,0.901788685935579
1610612757,2020-21,0.5471082281381233,2.450473286205151,2.1287215526323435,0.3773758770337843,1.7697201664815418,-0.8491026775392276,-0.867405106293352,1.1863323038109457,-2.8941728633343713,1.4975582948369073,1.1559100093738828
1610612758,2020-21,-0.45254226262823355,1.4916089748835213,2.3990033044270307,-0.8000263730072938,1.7227742605668726,1.170411994425365,-1.531360148285496,0.48476771662423257,-1.4127377551595084,1.53797563742875,1.6117565070879527
1610612759,2020-21,-0.2749727675578937,1.012176819222705,1.385446735196955,-0.3164504488832796,2.8025300966042668,0.7665090600324462,-1.863337669281568,1.2642839246094695,-2.8236283343736632,0.5679594152245263,1.2816607673639724
1610612761,2020-21,-0.8208345487000492,1.2518928970531116,1.385446735196955,-0.08517500691092499,1.3002611073348496,0.6049478862752793,-1.4317668919866744,0.601695147822018,-1.4127377551595084,1.0933848689184789,1.313098456861492
1610612762,2020-21,1.4612622953520946,2.3197190619340207,0.37189016596687946,1.891178769943742,0.5491266127001405,0.28182553876094535,-0.5022298331976747,2.1997033741917535,-0.7778369945131403,2.3059051466737643,1.260702307698958
1610612764,2020-21,-0.18289969603994,1.0557615606464161,1.4530171731456263,-0.33747548906258457,1.065531577761503,0.6857284731538642,-1.6309534045843175,1.381211355807255,-1.1305596393166772,1.1742195541021645,2.6492002605061855
1610612737,2021-22,0.15908599816960353,2.080002984103614,1.7683458835727621,0.33532579667517437,2.520854661116251,0.9280702337896161,-1.0001961146917808,1.1863323038109457,-2.32981663164871,1.6592276652042788,1.0773157856300781
1610612738,2021-22,0.803597498795281,1.6877403112902167,0.07908493485596937,1.5547781270748626,1.3002611073348496,1.008850820668198,-0.7346140978949232,0.9524774414153747,-0.9894705813952617,1.53797563742875,0.7079229340341938
1610612751,2021-22,0.2445824217219894,1.6005708284427975,1.4530171731456263,0.18815051542003958,1.206369295505511,1.089631407546783,-0.6018230894964944,0.13398542303087596,-0.848381523473848,1.4571409522450645,1.268561730073339
1610612766,2021-22,0.15908599816960353,1.6877403112902167,1.6332050076754168,0.10405035470281972,2.708638284774928,2.1397790369683727,-0.9669983625921735,0.21193704382939965,-1.553826813080924,1.2954715818776932,1.5619801653835432
1610612741,2021-22,0.40242197289562487,1.4916089748835213,1.6557284869916427,-0.10620004709022997,1.488044730993527,0.6857284731538642,-1.6641511566839247,1.342235545407993,-1.624371342041632,1.578392980020593,1.1008940527532207
1610612739,2021-22,0.2445824217219894,1.1211386727819812,0.6872188763940155,0.44045099757169914,0.9716397659321644,1.412753755061117,-0.7346140978949232,0.9135016310161128,-0.3545698207488935,1.2550542392858501,0.5952712133347376
1610612742,2021-22,0.8825172743820987,1.4480242334598101,0.7322658350264607,0.7348015600819686,1.5349906369081963,0.6857284731538642,-1.4317668919866744,1.2642839246094695,-1.624371342041632,1.2954715818776932,0.28351412581764357
1610612743,2021-22,0.5602615240692597,1.731325052713928,1.2728293386158356,0.48250107793030905,1.7697201664815418,2.4629013844827066,-1.033393866791388,2.0048243221954447,-0.49565887867030906,2.0229837485308644,1.0092007917187789
1610612765,2021-22,-1.4456161054290222,-0.05564934565820421,1.6782519663078652,-1.6200029400001874,0.5021807067854711,0.12026436500377842,-0.7678118499945304,0.2509128542286615,-0.7072924655524324,-0.28080477920417357,1.1139930900438542
1610612744,2021-22,0.9614370499689164,1.3608547506123878,0.16917885212086306,1.1553023636680682,1.3002611073348496,2.0589984500897875,-1.0001961146917808,1.381211355807255,-0.21348076282747785,1.6996450077961216,1.0956544378369644
1610612745,2021-22,-1.6823754321894755,0.4891599221381773,2.3764798251108084,-1.7461531810760174,-0.5306292233372529,0.12026436500377842,-1.1329871230902095,0.36784028542644703,0.6330535847010157,1.0125501837347932,1.7296478427036615
1610612754,2021-22,-1.281199906289819,1.3172700091886798,2.1737685112647918,-0.7579762926486839,1.0185856718468338,0.9280702337896161,0.3609117213921124,0.9524774414153747,-0.5662034076310168,0.9721328411429503,1.045878096132555
1610612746,2021-22,0.08016622258278579,0.7942531121041523,0.8223597522913576,-0.001074846193705124,0.9716397659321644,0.6049478862752793,-1.4981623961858888,0.21193704382939965,-0.9894705813952617,0.9721328411429503,1.0353988663000495
1610612747,2021-22,-0.6432650536297094,0.9032149656634286,1.5656345697267458,-0.6108010113935491,0.5021807067854711,0.28182553876094535,-1.4317668919866744,0.7575983894190654,-0.7778369945131403,1.0933848689184789,1.5488811280929098
1610612763,2021-22,1.2047730246949377,1.8402869062732043,0.6872188763940155,1.113252283309458,2.0044496960548885,0.7665090600324462,1.290448780181114,0.9914532518146365,-1.624371342041632,0.5275420726326834,1.5619801653835432
1610612748,2021-22,0.9614370499689164,1.5569860870190864,0.5746014798128959,0.9450519618750184,0.9716397659321644,1.4935343419397018,-0.701416345795316,1.342235545407993,-0.28402529178818564,1.7804796929798072,0.516676989590933
1610612749,2021-22,0.803597498795281,1.8402869062732043,1.1827354213509387,0.6717264395440538,1.1124774836761724,0.28182553876094535,-1.0001961146917808,1.8099452701991352,-1.4127377551595084,1.618810322612436,1.580318817590433
1610612750,2021-22,0.40242197289562487,1.731325052713928,1.1602119420347161,0.566601238647529,1.1594233895908417,0.9280702337896161,-0.5022298331976747,0.21193704382939965,-0.848381523473848,1.335888924469536,1.8108618739055942
1610612740,2021-22,-0.3999290789036884,1.1647234142056924,1.385446735196955,-0.16927516762814487,1.1124774836761724,0.9280702337896161,0.22812071299368364,1.6150662182028261,-0.7072924655524324,0.6892114430000548,0.9070283008518317
1610612752,2021-22,-0.32100930331687066,0.8378378535278634,0.9800241075049255,-0.08517500691092499,0.5021807067854711,-0.4451997431463102,-0.2698455685004243,1.5371145974043023,-1.1305596393166772,0.40629004485715486,0.4878591075515379
1610612760,2021-22,-1.3601196818766368,-0.44791201847159834,1.317876297248284,-1.6830780605381024,0.22050527129745626,-0.4451997431463102,-1.4317668919866744,1.0304290622138983,-0.9189260524345538,-0.40205680697970214,1.2659419226152109
1610612753,2021-22,-1.52453588101584,-0.4261196477597412,1.4079702145131778,-1.7041031007174072,0.4552348008708018,0.36260612563952743,-1.6641511566839247,1.342235545407993,-0.6367479365917247,-0.07871806624495933,1.349775761275268
1610612755,2021-22,0.803597498795281,1.5569860870190864,0.9800241075049255,0.5876262788268338,1.628882448737534,0.7665090600324462,-1.7637444129827462,0.9135016310161128,-1.6949158710023395,1.53797563742875,0.5638335238372143
1610612756,2021-22,1.8427078773550472,1.8184945355613502,0.2142258107533115,1.5758031672541675,2.708638284774928,2.0589984500897875,-1.1661848751898167,1.0694048726131602,-1.6949158710023395,1.6592276652042788,1.4938651714722475
1610612757,2021-22,-1.1233603551161835,0.31482095644333585,2.3539563457945825,-1.914353502510457,0.17355936538278693,0.039483778125193505,-1.033393866791388,0.7965741998183273,-0.49565887867030906,0.40629004485715486,1.0956544378369644
1610612758,2021-22,-0.8800243803901626,0.8160454828160063,2.016104156051224,-1.0943769355175634,0.6430184245294791,0.28182553876094535,-1.3321736356878529,0.5237435270234944,-0.9189260524345538,0.8508808133674262,1.4519482521422151
1610612759,2021-22,-0.5577686300773239,1.3172700091886798,1.317876297248284,0.04097523416490481,3.0372596261776126,2.0589984500897875,-0.6018230894964944,0.4068160958257089,-1.906549457884463,0.648794100408212,1.5593603579254187
1610612761,2021-22,0.5602615240692597,1.3608547506123878,0.9124536695562544,0.46147603775100415,1.065531577761503,-0.6875415037820592,0.8588780028862204,0.5237435270234944,-1.7654603999630474,0.12336864671425492,0.5428750641722
1610612762,2021-22,0.6457579476216455,2.2543419497984556,0.9349771488724771,1.302477644923203,0.2674511772121256,-0.20285798251055837,0.028934200396040465,1.4591629766057788,-0.7072924655524324,1.9825664059390216,0.7707983130292367
1610612764,2021-22,-0.4788488544905061,0.9467997070871397,1.7458224042565362,-0.715926212290074,1.7227742605668726,1.25119258130395,-1.730546660883139,1.1863323038109457,-1.4127377551595084,1.1338022115103217,0.8493925367730414
1610612737,2022-23,0.0012464469959680537,2.101795354815468,2.151245031948569,0.019950193985599843,1.8166660723962111,0.5241672993966973,-0.3362410726996387,0.64067095822128,-1.906549457884463,1.578392980020593,1.8344401410287368
1610612738,2022-23,1.2836928002817547,2.494058027628862,1.0701180247698192,1.4076028458197276,2.1452874137988966,1.7358761025754537,-1.4649646440862816,1.7709694597998735,-1.4127377551595084,2.427157174449293,1.2030665436201677
1610612751,2022-23,0.32350219730880714,1.9056640184087694,1.7232989249403137,0.23020059577864954,1.488044730993527,1.5743149288182838,-2.162117438178032,-0.4506517329580517,-0.9894705813952617,2.3463224892656074,1.1035138602113452
1610612766,2022-23,-1.1233603551161835,0.5545370342737456,1.9935806767350013,-1.3256523774899178,1.065531577761503,0.6857284731538642,-0.7678118499945304,0.64067095822128,-0.9894705813952617,0.44670738744899774,1.8108618739055942
1610612741,2022-23,-0.07767332859084969,1.5134013455953752,1.2728293386158356,0.27225067613725945,1.347207013249519,0.9280702337896161,-2.0957219339788185,1.381211355807255,-1.4127377551595084,1.901731720755336,1.2109259659945486
1610612739,2022-23,0.803597498795281,2.101795354815468,0.9124536695562544,1.176327403847373,1.5349906369081963,1.3319731681825349,-0.867405106293352,0.5627193374227563,-1.1305596393166772,2.0229837485308644,0.4485619956796337
1610612742,2022-23,-0.24208952773005293,2.1889648376628905,2.308909387162134,-0.04312492655231506,1.5819365428228644,0.36260612563952743,-2.4276994549748894,0.64067095822128,-2.0476385158058785,2.38673983185745,0.6948238967435566
1610612743,2022-23,0.9614370499689164,2.3850961740695857,1.7232989249403137,0.6927514797233587,2.098341507884227,2.866804318875625,-0.3362410726996387,1.0304290622138983,-0.42511434970960127,2.4675745170411356,1.0956544378369644
1610612765,2022-23,-1.9257114069154966,0.8814225949515746,2.691808535537941,-1.6620530203587975,-0.108116070105229,-0.20285798251055837,-0.2366478164008171,0.05603380223235226,-0.21348076282747785,0.8508808133674262,1.3943124880634248
1610612744,2022-23,0.2445824217219894,2.014625871968046,1.700775445624091,0.3563508368544793,1.347207013249519,2.7860237319970405,-0.7346140978949232,0.7186225790198036,0.3508754688581845,2.427157174449293,2.091181271925169
1610612745,2022-23,-1.52453588101584,1.012176819222705,2.8719963700677313,-1.7041031007174072,-0.7653587529105995,-0.7683220906606442,1.4896352927787553,1.108380683012422,0.6330535847010157,0.5679594152245263,1.357635183649649
1610612754,2022-23,-0.4788488544905061,1.731325052713928,2.534144180324373,-0.694901172110769,1.2533152014201803,1.5743149288182838,-0.4690320810980675,-0.6065549745550948,-0.49565887867030906,1.6592276652042788,1.8658778305262602
1610612746,2022-23,0.2445824217219894,1.774909794137639,1.7458224042565362,0.10405035470281972,0.6430184245294791,0.44338671251811235,-0.867405106293352,1.1863323038109457,-0.7072924655524324,1.9421490633471787,1.121852512418235
1610612747,2022-23,0.15908599816960353,1.7531174234257851,1.6557284869916427,0.1461004350614296,1.206369295505511,0.7665090600324462,-1.0001961146917808,1.0304290622138983,-1.1305596393166772,1.6996450077961216,1.9287532095213031
1610612763,2022-23,0.803597498795281,1.9274563891206264,1.092641504086045,0.8399267609784935,1.7227742605668726,1.008850820668198,0.09532970459525486,0.4068160958257089,-1.4127377551595084,1.2146368966940073,1.818721296279975
1610612748,2022-23,0.2445824217219894,1.404439492036099,1.5656345697267458,-0.10620004709022997,1.065531577761503,0.6857284731538642,-0.8342073541937448,1.2642839246094695,-1.0600151103559694,1.3763062670613788,0.5769325611278515
1610612749,2022-23,1.3626125758685725,1.8402869062732043,1.1376884627184936,0.7137765199026637,1.0185856718468338,0.9280702337896161,-0.5022298331976747,1.7319936494006116,-0.7072924655524324,1.7400623503879644,1.8056222589893416
1610612750,2022-23,0.08016622258278579,1.6223631991546517,1.6332050076754168,0.04097523416490481,0.7838561422734871,1.3319731681825349,-1.36537138778746,0.0950096126316141,-0.21348076282747785,2.10381843371455,1.8318203335706087
1610612740,2022-23,0.08016622258278579,1.731325052713928,1.385446735196955,0.39840091721308923,1.065531577761503,1.25119258130395,-0.3030433206000315,1.2253081142102076,-0.5662034076310168,1.6996450077961216,1.3157182643196204
1610612752,2022-23,0.4813417484824419,2.428680915493297,1.8809632801538816,0.5876262788268338,1.065531577761503,-0.2836385693891404,0.62649373818897,1.0304290622138983,-1.553826813080924,1.4975582948369073,0.8362934994824079
1610612760,2022-23,-0.07767332859084969,1.8184945355613502,1.6557284869916427,0.20917555559934453,1.5349906369081963,0.20104495188236046,-0.3362410726996387,-0.29474849136100434,-1.8360049289237552,1.2146368966940073,1.9339928244375557
1610612753,2022-23,-0.5577686300773239,1.1865157849175463,1.7683458835727621,-0.48465077031771936,-0.014224258275890356,0.039483778125193505,-0.6018230894964944,1.147356493411684,-0.14293623386677007,1.335888924469536,1.3366767239846347
1610612755,2022-23,1.0469334735213023,2.428680915493297,1.5431110904105232,0.9240269216957135,1.3941529191641884,1.3319731681825349,-1.36537138778746,0.7965741998183273,-0.9894705813952617,2.7504959151840356,0.7550794682804751
1610612756,2022-23,0.32350219730880714,1.8838716476969153,1.4530171731456263,0.46147603775100415,2.192233319713565,1.8974372763326206,0.2613184650932908,0.5237435270234944,-1.201104168277385,1.2146368966940073,1.1192327049601067
1610612757,2022-23,-0.6432650536297094,1.774909794137639,2.7368554941703893,-0.8420764533659038,0.5960725186148098,0.6857284731538642,-1.1661848751898167,0.3288644750271852,-0.5662034076310168,1.9825664059390216,1.2292646182014348
1610612758,2022-23,0.5602615240692597,2.7773588468829797,2.2863859078459114,0.545576198468224,2.2391792256282352,1.8974372763326206,-1.1329871230902095,1.1863323038109457,-1.4127377551595084,2.7504959151840356,1.6851111159155046
1610612759,2022-23,-1.52453588101584,0.8378378535278634,3.0972311632299707,-2.0825538239448966,1.1124774836761724,1.412753755061117,-0.004263551703566731,0.3288644750271852,-0.3545698207488935,0.5679594152245263,1.9680503213932035
1610612761,2022-23,0.0012464469959680537,1.9056640184087694,1.6332050076754168,0.31430075649586936,2.380016943372242,0.20104495188236046,0.5600982339897556,0.7965741998183273,-2.470905689570125,0.6083767578163691,0.8624915740636748
1610612762,2022-23,-0.32100930331687066,2.058210613391757,2.2863859078459114,-0.1482501274488399,0.6899643304441484,1.008850820668198,0.29451621719289806,0.4068160958257089,-0.14293623386677007,1.7804796929798072,1.6929705382898854
1610612764,2022-23,-0.4788488544905061,1.709532682002074,2.0386276353674497,-0.2533753283453647,1.206369295505511,1.25119258130395,-0.867405106293352,0.9135016310161128,-0.7778369945131403,1.82089703557165,1.2056863510782923
